sequence_index,task_id,task_name,process_id,process_name,operated_objects,operated_object_names,task_obb_center,required_resources,generation_rule,inference_explanation
1,Task_定位前缘组件_SubAssembly_1_33_5536C12000G42_5536C12000G42_1,定位前缘组件_SubAssembly_1_33_5536C12000G42_5536C12000G42_1,PROC_定位前缘组件,定位前缘组件,SubAssembly_1_33_5536C12000G42_5536C12000G42_1,5536C12000G42 辅助梁组件,37.325832572;4.512482848;2.6817e-05,定位器,object_requireProcess_positioning,对象存在 requireProcess 定位类工艺，因此生成定位任务。
2,Task_定位前缘舱肋_Part_1_2_5536C10101G71_5536C10101G71_1,定位前缘舱肋_Part_1_2_5536C10101G71_5536C10101G71_1,PROC_定位前缘舱肋,定位前缘舱肋,Part_1_2_5536C10101G71_5536C10101G71_1,5536C10101G71 1号肋,35.697814671;2.086969978;0.04419017,定位器;前缘舱肋夹紧器,object_requireProcess_positioning,对象存在 requireProcess 定位类工艺，因此生成定位任务。
3,Task_定位前缘舱肋_Part_1_4_5536C10105G71_5536C10105G71_1,定位前缘舱肋_Part_1_4_5536C10105G71_5536C10105G71_1,PROC_定位前缘舱肋,定位前缘舱肋,Part_1_4_5536C10105G71_5536C10105G71_1,5536C10105G71 1号肋,35.728378361;2.091238905;-0.205539819,定位器;前缘舱肋夹紧器,object_requireProcess_positioning,对象存在 requireProcess 定位类工艺，因此生成定位任务。
4,Task_定位前缘舱肋_Part_1_6_5536C10211G71_5536C10211G71_1,定位前缘舱肋_Part_1_6_5536C10211G71_5536C10211G71_1,PROC_定位前缘舱肋,定位前缘舱肋,Part_1_6_5536C10211G71_5536C10211G71_1,5536C10211G71 2号肋,36.154609192;2.536988605;-0.005332174,定位器;前缘舱肋夹紧器,object_requireProcess_positioning,对象存在 requireProcess 定位类工艺，因此生成定位任务。
5,Task_定位前缘舱肋_Part_1_10_5536C10311G72_5536C10311G72_1,定位前缘舱肋_Part_1_10_5536C10311G72_5536C10311G72_1,PROC_定位前缘舱肋,定位前缘舱肋,Part_1_10_5536C10311G72_5536C10311G72_1,5536C10311G72 3号肋,37.042670883;3.689392489;-0.00104798,定位器;前缘舱肋夹紧器,object_requireProcess_positioning,对象存在 requireProcess 定位类工艺，因此生成定位任务。
6,Task_定位前缘舱肋_Part_1_14_5536C10411G72_5536C10411G72_1,定位前缘舱肋_Part_1_14_5536C10411G72_5536C10411G72_1,PROC_定位前缘舱肋,定位前缘舱肋,Part_1_14_5536C10411G72_5536C10411G72_1,5536C10411G72 4号肋,37.873853502;4.809820239;-0.000501518,定位器;前缘舱肋夹紧器,object_requireProcess_positioning,对象存在 requireProcess 定位类工艺，因此生成定位任务。
7,Task_定位前缘舱肋_Part_1_18_5536C10511G72_5536C10511G72_1,定位前缘舱肋_Part_1_18_5536C10511G72_5536C10511G72_1,PROC_定位前缘舱肋,定位前缘舱肋,Part_1_18_5536C10511G72_5536C10511G72_1,5536C10511G72 5号肋,38.505694979;5.639077994;-5.103e-06,定位器;前缘舱肋夹紧器,object_requireProcess_positioning,对象存在 requireProcess 定位类工艺，因此生成定位任务。
8,Task_定位前缘舱肋_Part_1_22_5536C10611G72_5536C10611G72_1,定位前缘舱肋_Part_1_22_5536C10611G72_5536C10611G72_1,PROC_定位前缘舱肋,定位前缘舱肋,Part_1_22_5536C10611G72_5536C10611G72_1,5536C10611G72 6号肋,39.356142051;6.767180221;-2.878e-06,定位器;前缘舱肋夹紧器,object_requireProcess_positioning,对象存在 requireProcess 定位类工艺，因此生成定位任务。
9,Task_手工定位角材_Part_1_5_5536C10203G71_5536C10203G71_1,手工定位角材_Part_1_5_5536C10203G71_5536C10203G71_1,PROC_手工定位角材,手工定位角材,Part_1_5_5536C10203G71_5536C10203G71_1,5536C10203G71 2号肋角材,36.388867864;2.365513808;0.0,定位器,object_requireProcess_positioning,对象存在 requireProcess 定位类工艺，因此生成定位任务。
10,Task_定位连接带板_Part_1_34_5536C14001G71_5536C14001G70_1,定位连接带板_Part_1_34_5536C14001G71_5536C14001G70_1,PROC_手工定位角材,手工定位角材,Part_1_34_5536C14001G71_5536C14001G70_1,5536C14001G71 1号连接带板,36.213468116;2.258457839;0.249574559,定位器,object_requireProcess_connection_belt_positioning,连接带板属于支撑件，随角材/支撑件定位阶段定位，因此生成定位连接带板任务。
11,Task_手工定位角材_Part_1_3_5536C10103G71_5536C10103G71_1,手工定位角材_Part_1_3_5536C10103G71_5536C10103G71_1,PROC_手工定位角材,手工定位角材,Part_1_3_5536C10103G71_5536C10103G71_1,5536C10103G71 1号肋角材,36.211027091;2.111770869;0.0125,定位器,object_requireProcess_positioning,对象存在 requireProcess 定位类工艺，因此生成定位任务。
12,Task_定位连接带板_Part_1_35_5536C14002G71_5536C14002G70_1,定位连接带板_Part_1_35_5536C14002G71_5536C14002G70_1,PROC_手工定位角材,手工定位角材,Part_1_35_5536C14002G71_5536C14002G70_1,5536C14002G71 1号连接带板,36.213468116;2.258457839;-0.249574559,定位器,object_requireProcess_connection_belt_positioning,连接带板属于支撑件，随角材/支撑件定位阶段定位，因此生成定位连接带板任务。
13,Task_手工定位角材_Part_1_8_5536C10214G70_5536C10214G70_1,手工定位角材_Part_1_8_5536C10214G70_5536C10214G70_1,PROC_手工定位角材,手工定位角材,Part_1_8_5536C10214G70_5536C10214G70_1,5536C10214G70 2号肋缘条,36.158748365;2.549188771;-0.203445111,定位器,object_requireProcess_positioning,对象存在 requireProcess 定位类工艺，因此生成定位任务。
14,Task_手工定位角材_Part_1_7_5536C10213G70_5536C10213G70_1,手工定位角材_Part_1_7_5536C10213G70_5536C10213G70_1,PROC_手工定位角材,手工定位角材,Part_1_7_5536C10213G70_5536C10213G70_1,5536C10213G70 2号肋缘条,36.158748365;2.549188771;0.203445111,定位器,object_requireProcess_positioning,对象存在 requireProcess 定位类工艺，因此生成定位任务。
15,Task_定位连接带板_Part_1_37_5536C14004G71_5536C14004G70_1,定位连接带板_Part_1_37_5536C14004G71_5536C14004G70_1,PROC_手工定位角材,手工定位角材,Part_1_37_5536C14004G71_5536C14004G70_1,5536C14004G71 2号连接带板,36.78014553;2.971849449;-0.226842136,定位器,object_requireProcess_connection_belt_positioning,连接带板属于支撑件，随角材/支撑件定位阶段定位，因此生成定位连接带板任务。
16,Task_定位连接带板_Part_1_36_5536C14003G71_5536C14003G70_1,定位连接带板_Part_1_36_5536C14003G71_5536C14003G70_1,PROC_手工定位角材,手工定位角材,Part_1_36_5536C14003G71_5536C14003G70_1,5536C14003G71 2号连接带板,36.78014553;2.971849449;0.226842136,定位器,object_requireProcess_connection_belt_positioning,连接带板属于支撑件，随角材/支撑件定位阶段定位，因此生成定位连接带板任务。
17,Task_手工定位角材_Part_1_9_5536C10303G71_5536C10303G71_1,手工定位角材_Part_1_9_5536C10303G71_5536C10303G71_1,PROC_手工定位角材,手工定位角材,Part_1_9_5536C10303G71_5536C10303G71_1,5536C10303G71 3号肋角材,37.230359548;3.552785821;0.0,定位器,object_requireProcess_positioning,对象存在 requireProcess 定位类工艺，因此生成定位任务。
18,Task_手工定位角材_Part_1_11_5536C10313G70_5536C10313G70_1,手工定位角材_Part_1_11_5536C10313G70_5536C10313G70_1,PROC_手工定位角材,手工定位角材,Part_1_11_5536C10313G70_5536C10313G70_1,5536C10313G70 角片,36.801519067;3.864680374;0.09583733,定位器,object_requireProcess_positioning,对象存在 requireProcess 定位类工艺，因此生成定位任务。
19,Task_手工定位角材_Part_1_12_5536C10314G70_5536C10314G70_1,手工定位角材_Part_1_12_5536C10314G70_5536C10314G70_1,PROC_手工定位角材,手工定位角材,Part_1_12_5536C10314G70_5536C10314G70_1,5536C10314G70 角片,36.801519067;3.864680374;-0.09583733,定位器,object_requireProcess_positioning,对象存在 requireProcess 定位类工艺，因此生成定位任务。
20,Task_定位连接带板_Part_1_39_5536C14006G71_5536C14006G71_1,定位连接带板_Part_1_39_5536C14006G71_5536C14006G71_1,PROC_手工定位角材,手工定位角材,Part_1_39_5536C14006G71_5536C14006G71_1,5536C14006G71 3号连接带板,37.604044218;4.122470852;-0.189862728,定位器,object_requireProcess_connection_belt_positioning,连接带板属于支撑件，随角材/支撑件定位阶段定位，因此生成定位连接带板任务。
21,Task_定位连接带板_Part_1_38_5536C14005G71_5536C14005G71_1,定位连接带板_Part_1_38_5536C14005G71_5536C14005G71_1,PROC_手工定位角材,手工定位角材,Part_1_38_5536C14005G71_5536C14005G71_1,5536C14005G71 3号连接带板,37.604044218;4.122470852;0.189862728,定位器,object_requireProcess_connection_belt_positioning,连接带板属于支撑件，随角材/支撑件定位阶段定位，因此生成定位连接带板任务。
22,Task_手工定位角材_Part_1_13_5536C10403G71_5536C10403G71_1,手工定位角材_Part_1_13_5536C10403G71_5536C10403G71_1,PROC_手工定位角材,手工定位角材,Part_1_13_5536C10403G71_5536C10403G71_1,5536C10403G71 4号肋角材,38.037472275;4.689662949;-0.0,定位器,object_requireProcess_positioning,对象存在 requireProcess 定位类工艺，因此生成定位任务。
23,Task_手工定位角材_Part_1_16_5536C10414G72_5536C10414G72_1,手工定位角材_Part_1_16_5536C10414G72_5536C10414G72_1,PROC_手工定位角材,手工定位角材,Part_1_16_5536C10414G72_5536C10414G72_1,5536C10414G72 4号肋缘条,37.876723449;4.824646325;-0.139718322,定位器,object_requireProcess_positioning,对象存在 requireProcess 定位类工艺，因此生成定位任务。
24,Task_手工定位角材_Part_1_15_5536C10413G72_5536C10413G72_1,手工定位角材_Part_1_15_5536C10413G72_5536C10413G72_1,PROC_手工定位角材,手工定位角材,Part_1_15_5536C10413G72_5536C10413G72_1,5536C10413G72 4号肋缘条,37.876723449;4.824646325;0.139718322,定位器,object_requireProcess_positioning,对象存在 requireProcess 定位类工艺，因此生成定位任务。
25,Task_定位连接带板_Part_1_41_5536C14008G71_5536C14008G71_1,定位连接带板_Part_1_41_5536C14008G71_5536C14008G71_1,PROC_手工定位角材,手工定位角材,Part_1_41_5536C14008G71_5536C14008G71_1,5536C14008G71 4号连接带板,38.323439882;5.135340649;-0.156695542,定位器,object_requireProcess_connection_belt_positioning,连接带板属于支撑件，随角材/支撑件定位阶段定位，因此生成定位连接带板任务。
26,Task_定位连接带板_Part_1_40_5536C14007G71_5536C14007G71_1,定位连接带板_Part_1_40_5536C14007G71_5536C14007G71_1,PROC_手工定位角材,手工定位角材,Part_1_40_5536C14007G71_5536C14007G71_1,5536C14007G71 4号连接带板,38.323439882;5.135340649;0.156695542,定位器,object_requireProcess_connection_belt_positioning,连接带板属于支撑件，随角材/支撑件定位阶段定位，因此生成定位连接带板任务。
27,Task_手工定位角材_Part_1_17_5536C10503G71_5536C10503G70_1,手工定位角材_Part_1_17_5536C10503G71_5536C10503G70_1,PROC_手工定位角材,手工定位角材,Part_1_17_5536C10503G71_5536C10503G70_1,5536C10503G71 5号肋角材,38.64045634;5.539789833;0.0,定位器,object_requireProcess_positioning,对象存在 requireProcess 定位类工艺，因此生成定位任务。
28,Task_手工定位角材_Part_1_19_5536C10513G70_5536C10513G70_1,手工定位角材_Part_1_19_5536C10513G70_5536C10513G70_1,PROC_手工定位角材,手工定位角材,Part_1_19_5536C10513G70_5536C10513G70_1,5536C10513G70 角片,38.330977218;5.770468182;0.055981173,定位器,object_requireProcess_positioning,对象存在 requireProcess 定位类工艺，因此生成定位任务。
29,Task_手工定位角材_Part_1_20_5536C10514G70_5536C10514G70_1,手工定位角材_Part_1_20_5536C10514G70_5536C10514G70_1,PROC_手工定位角材,手工定位角材,Part_1_20_5536C10514G70_5536C10514G70_1,5536C10514G70 角片,38.330977218;5.770468182;-0.055981173,定位器,object_requireProcess_positioning,对象存在 requireProcess 定位类工艺，因此生成定位任务。
30,Task_定位连接带板_Part_1_43_5536C14010G71_5536C14010G72_1,定位连接带板_Part_1_43_5536C14010G71_5536C14010G72_1,PROC_手工定位角材,手工定位角材,Part_1_43_5536C14010G71_5536C14010G72_1,5536C14010G71 5号连接带板,39.034075926;6.135930085;-0.123969559,定位器,object_requireProcess_connection_belt_positioning,连接带板属于支撑件，随角材/支撑件定位阶段定位，因此生成定位连接带板任务。
31,Task_定位连接带板_Part_1_42_5536C14009G71_5536C14009G72_1,定位连接带板_Part_1_42_5536C14009G71_5536C14009G72_1,PROC_手工定位角材,手工定位角材,Part_1_42_5536C14009G71_5536C14009G72_1,5536C14009G71 5号连接带板,39.034075926;6.135930085;0.123969559,定位器,object_requireProcess_connection_belt_positioning,连接带板属于支撑件，随角材/支撑件定位阶段定位，因此生成定位连接带板任务。
32,Task_手工定位角材_Part_1_21_5536C10603G71_5536C10603G71_1,手工定位角材_Part_1_21_5536C10603G71_5536C10603G71_1,PROC_手工定位角材,手工定位角材,Part_1_21_5536C10603G71_5536C10603G71_1,5536C10603G71 6号肋角材,39.458110933;6.69142469;0.0,定位器,object_requireProcess_positioning,对象存在 requireProcess 定位类工艺，因此生成定位任务。
33,Task_手工定位角材_Part_1_23_5536C10613G70_5536C10613G70_1,手工定位角材_Part_1_23_5536C10613G70_5536C10613G70_1,PROC_手工定位角材,手工定位角材,Part_1_23_5536C10613G70_5536C10613G70_1,5536C10613G70 角片,39.217089815;6.874786913;0.031110531,定位器,object_requireProcess_positioning,对象存在 requireProcess 定位类工艺，因此生成定位任务。
34,Task_手工定位角材_Part_1_24_5536C10614G70_5536C10614G70_1,手工定位角材_Part_1_24_5536C10614G70_5536C10614G70_1,PROC_手工定位角材,手工定位角材,Part_1_24_5536C10614G70_5536C10614G70_1,5536C10614G70 角片,39.217089815;6.874786913;-0.031110531,定位器,object_requireProcess_positioning,对象存在 requireProcess 定位类工艺，因此生成定位任务。
35,Task_定位连接带板_Part_1_45_5536C14012G71_5536C14012G71_1,定位连接带板_Part_1_45_5536C14012G71_5536C14012G71_1,PROC_手工定位角材,手工定位角材,Part_1_45_5536C14012G71_5536C14012G71_1,5536C14012G71 6号连接带板,39.750650045;7.145455289;-0.091675299,定位器,object_requireProcess_connection_belt_positioning,连接带板属于支撑件，随角材/支撑件定位阶段定位，因此生成定位连接带板任务。
36,Task_定位连接带板_Part_1_44_5536C14011G71_5536C14011G71_1,定位连接带板_Part_1_44_5536C14011G71_5536C14011G71_1,PROC_手工定位角材,手工定位角材,Part_1_44_5536C14011G71_5536C14011G71_1,5536C14011G71 6号连接带板,39.750650045;7.145455289;0.091675299,定位器,object_requireProcess_connection_belt_positioning,连接带板属于支撑件，随角材/支撑件定位阶段定位，因此生成定位连接带板任务。
37,Task_定位两侧壁板_SubAssembly_1_32_5536C11008G41_5536C11008G41,定位两侧壁板_SubAssembly_1_32_5536C11008G41_5536C11008G41,PROC_定位两侧壁板,定位两侧壁板,SubAssembly_1_32_5536C11008G41_5536C11008G41,5536C11008G41 右侧3号夹芯板,38.808352185;6.08528014;-0.112796653,边缘定位挡块,object_requireProcess_positioning,对象存在 requireProcess 定位类工艺，因此生成定位任务。
38,Task_定位两侧壁板_SubAssembly_1_31_5536C11007G41_5536C11007G41,定位两侧壁板_SubAssembly_1_31_5536C11007G41_5536C11007G41,PROC_定位两侧壁板,定位两侧壁板,SubAssembly_1_31_5536C11007G41_5536C11007G41,5536C11007G41 左侧3号夹芯板,38.808352185;6.08528014;0.112796653,边缘定位挡块,object_requireProcess_positioning,对象存在 requireProcess 定位类工艺，因此生成定位任务。
39,Task_定位两侧壁板_SubAssembly_1_30_5536C11006G41_5536C11006G41,定位两侧壁板_SubAssembly_1_30_5536C11006G41_5536C11006G41,PROC_定位两侧壁板,定位两侧壁板,SubAssembly_1_30_5536C11006G41_5536C11006G41,5536C11006G41 右侧2号夹芯板,36.956374332;3.634800289;-0.182001423,边缘定位挡块,object_requireProcess_positioning,对象存在 requireProcess 定位类工艺，因此生成定位任务。
40,Task_定位两侧壁板_SubAssembly_1_29_5536C11005G41_5536C11005G41,定位两侧壁板_SubAssembly_1_29_5536C11005G41_5536C11005G41,PROC_定位两侧壁板,定位两侧壁板,SubAssembly_1_29_5536C11005G41_5536C11005G41,5536C11005G41 左侧2号夹芯板,36.956374332;3.634800289;0.182001423,边缘定位挡块,object_requireProcess_positioning,对象存在 requireProcess 定位类工艺，因此生成定位任务。
41,Task_定位两侧壁板_SubAssembly_1_28_5536C11004G41_5536C11004G41,定位两侧壁板_SubAssembly_1_28_5536C11004G41_5536C11004G41,PROC_定位两侧壁板,定位两侧壁板,SubAssembly_1_28_5536C11004G41_5536C11004G41,5536C11004G41 右侧1号夹芯板,35.895179533;2.335710319;-0.209607412,边缘定位挡块,object_requireProcess_positioning,对象存在 requireProcess 定位类工艺，因此生成定位任务。
42,Task_定位两侧壁板_SubAssembly_1_27_5536C11003G41_5536C11003G41,定位两侧壁板_SubAssembly_1_27_5536C11003G41_5536C11003G41,PROC_定位两侧壁板,定位两侧壁板,SubAssembly_1_27_5536C11003G41_5536C11003G41,5536C11003G41 左侧1号夹芯板,35.895179533;2.335710319;0.209607412,边缘定位挡块,object_requireProcess_positioning,对象存在 requireProcess 定位类工艺，因此生成定位任务。
43,Task_定位两侧壁板_SubAssembly_1_26_5536C11002G41_5536C11002G41_1,定位两侧壁板_SubAssembly_1_26_5536C11002G41_5536C11002G41_1,PROC_定位两侧壁板,定位两侧壁板,SubAssembly_1_26_5536C11002G41_5536C11002G41_1,5536C11002G41 右侧下封面板,35.592269824;1.991052581;-0.206816858,边缘定位挡块,object_requireProcess_positioning,对象存在 requireProcess 定位类工艺，因此生成定位任务。
44,Task_定位两侧壁板_SubAssembly_1_25_5536C11001G41_5536C11001G41_1,定位两侧壁板_SubAssembly_1_25_5536C11001G41_5536C11001G41_1,PROC_定位两侧壁板,定位两侧壁板,SubAssembly_1_25_5536C11001G41_5536C11001G41_1,5536C11001G41 左侧下封面板,35.592258726;1.991054766;0.206816593,边缘定位挡块,object_requireProcess_positioning,对象存在 requireProcess 定位类工艺，因此生成定位任务。
45,Task_制初孔_Part_1_2_5536C10101G71_5536C10101G71_1_Part_1_4_5536C10105G71_5536C10105G71_1,制初孔_Part_1_2_5536C10101G71_5536C10101G71_1_Part_1_4_5536C10105G71_5536C10105G71_1,PROC_制初孔,制初孔,Part_1_2_5536C10101G71_5536C10101G71_1;Part_1_4_5536C10105G71_5536C10105G71_1,5536C10101G71 1号肋;5536C10105G71 1号肋,35.713096516;2.089104441;-0.080674825,钻具,connect_and_both_require_initial_hole,两端对象存在 connect，且两端都 requireProcess 制初孔，因此生成制初孔任务。
46,Task_制初孔_Part_1_2_5536C10101G71_5536C10101G71_1_SubAssembly_1_27_5536C11003G41_5536C11003G41,制初孔_Part_1_2_5536C10101G71_5536C10101G71_1_SubAssembly_1_27_5536C11003G41_5536C11003G41,PROC_制初孔,制初孔,Part_1_2_5536C10101G71_5536C10101G71_1;SubAssembly_1_27_5536C11003G41_5536C11003G41,5536C10101G71 1号肋;5536C11003G41 左侧1号夹芯板,35.796497102;2.211340148;0.126898791,钻具,connect_and_both_require_initial_hole,两端对象存在 connect，且两端都 requireProcess 制初孔，因此生成制初孔任务。
47,Task_制初孔_Part_1_2_5536C10101G71_5536C10101G71_1_SubAssembly_1_26_5536C11002G41_5536C11002G41_1,制初孔_Part_1_2_5536C10101G71_5536C10101G71_1_SubAssembly_1_26_5536C11002G41_5536C11002G41_1,PROC_制初孔,制初孔,Part_1_2_5536C10101G71_5536C10101G71_1;SubAssembly_1_26_5536C11002G41_5536C11002G41_1,5536C10101G71 1号肋;5536C11002G41 右侧下封面板,35.645042248;2.03901128;-0.081313344,钻具,connect_and_both_require_initial_hole,两端对象存在 connect，且两端都 requireProcess 制初孔，因此生成制初孔任务。
48,Task_制初孔_Part_1_2_5536C10101G71_5536C10101G71_1_SubAssembly_1_25_5536C11001G41_5536C11001G41_1,制初孔_Part_1_2_5536C10101G71_5536C10101G71_1_SubAssembly_1_25_5536C11001G41_5536C11001G41_1,PROC_制初孔,制初孔,Part_1_2_5536C10101G71_5536C10101G71_1;SubAssembly_1_25_5536C11001G41_5536C11001G41_1,5536C10101G71 1号肋;5536C11001G41 左侧下封面板,35.645036699;2.039012372;0.125503381,钻具,connect_and_both_require_initial_hole,两端对象存在 connect，且两端都 requireProcess 制初孔，因此生成制初孔任务。
49,Task_制初孔_Part_1_4_5536C10105G71_5536C10105G71_1_SubAssembly_1_28_5536C11004G41_5536C11004G41,制初孔_Part_1_4_5536C10105G71_5536C10105G71_1_SubAssembly_1_28_5536C11004G41_5536C11004G41,PROC_制初孔,制初孔,Part_1_4_5536C10105G71_5536C10105G71_1;SubAssembly_1_28_5536C11004G41_5536C11004G41,5536C10105G71 1号肋;5536C11004G41 右侧1号夹芯板,35.811778947;2.213474612;-0.207573616,钻具,connect_and_both_require_initial_hole,两端对象存在 connect，且两端都 requireProcess 制初孔，因此生成制初孔任务。
50,Task_制初孔_Part_1_4_5536C10105G71_5536C10105G71_1_SubAssembly_1_26_5536C11002G41_5536C11002G41_1,制初孔_Part_1_4_5536C10105G71_5536C10105G71_1_SubAssembly_1_26_5536C11002G41_5536C11002G41_1,PROC_制初孔,制初孔,Part_1_4_5536C10105G71_5536C10105G71_1;SubAssembly_1_26_5536C11002G41_5536C11002G41_1,5536C10105G71 1号肋;5536C11002G41 右侧下封面板,35.660324093;2.041145743;-0.206178338,钻具,connect_and_both_require_initial_hole,两端对象存在 connect，且两端都 requireProcess 制初孔，因此生成制初孔任务。
51,Task_制初孔_Part_1_6_5536C10211G71_5536C10211G71_1_SubAssembly_1_28_5536C11004G41_5536C11004G41,制初孔_Part_1_6_5536C10211G71_5536C10211G71_1_SubAssembly_1_28_5536C11004G41_5536C11004G41,PROC_制初孔,制初孔,Part_1_6_5536C10211G71_5536C10211G71_1;SubAssembly_1_28_5536C11004G41_5536C11004G41,5536C10211G71 2号肋;5536C11004G41 右侧1号夹芯板,36.024894363;2.436349462;-0.107469793,钻具,connect_and_both_require_initial_hole,两端对象存在 connect，且两端都 requireProcess 制初孔，因此生成制初孔任务。
52,Task_制初孔_Part_1_6_5536C10211G71_5536C10211G71_1_SubAssembly_1_27_5536C11003G41_5536C11003G41,制初孔_Part_1_6_5536C10211G71_5536C10211G71_1_SubAssembly_1_27_5536C11003G41_5536C11003G41,PROC_制初孔,制初孔,Part_1_6_5536C10211G71_5536C10211G71_1;SubAssembly_1_27_5536C11003G41_5536C11003G41,5536C10211G71 2号肋;5536C11003G41 左侧1号夹芯板,36.024894363;2.436349462;0.102137619,钻具,connect_and_both_require_initial_hole,两端对象存在 connect，且两端都 requireProcess 制初孔，因此生成制初孔任务。
53,Task_制初孔_Part_1_10_5536C10311G72_5536C10311G72_1_SubAssembly_1_30_5536C11006G41_5536C11006G41,制初孔_Part_1_10_5536C10311G72_5536C10311G72_1_SubAssembly_1_30_5536C11006G41_5536C11006G41,PROC_制初孔,制初孔,Part_1_10_5536C10311G72_5536C10311G72_1;SubAssembly_1_30_5536C11006G41_5536C11006G41,5536C10311G72 3号肋;5536C11006G41 右侧2号夹芯板,36.999522608;3.662096389;-0.091524702,钻具,connect_and_both_require_initial_hole,两端对象存在 connect，且两端都 requireProcess 制初孔，因此生成制初孔任务。
54,Task_制初孔_Part_1_10_5536C10311G72_5536C10311G72_1_SubAssembly_1_29_5536C11005G41_5536C11005G41,制初孔_Part_1_10_5536C10311G72_5536C10311G72_1_SubAssembly_1_29_5536C11005G41_5536C11005G41,PROC_制初孔,制初孔,Part_1_10_5536C10311G72_5536C10311G72_1;SubAssembly_1_29_5536C11005G41_5536C11005G41,5536C10311G72 3号肋;5536C11005G41 左侧2号夹芯板,36.999522608;3.662096389;0.090476722,钻具,connect_and_both_require_initial_hole,两端对象存在 connect，且两端都 requireProcess 制初孔，因此生成制初孔任务。
55,Task_制初孔_Part_1_14_5536C10411G72_5536C10411G72_1_SubAssembly_1_30_5536C11006G41_5536C11006G41,制初孔_Part_1_14_5536C10411G72_5536C10411G72_1_SubAssembly_1_30_5536C11006G41_5536C11006G41,PROC_制初孔,制初孔,Part_1_14_5536C10411G72_5536C10411G72_1;SubAssembly_1_30_5536C11006G41_5536C11006G41,5536C10411G72 4号肋;5536C11006G41 右侧2号夹芯板,37.415113917;4.222310264;-0.09125147,钻具,connect_and_both_require_initial_hole,两端对象存在 connect，且两端都 requireProcess 制初孔，因此生成制初孔任务。
56,Task_制初孔_Part_1_14_5536C10411G72_5536C10411G72_1_SubAssembly_1_29_5536C11005G41_5536C11005G41,制初孔_Part_1_14_5536C10411G72_5536C10411G72_1_SubAssembly_1_29_5536C11005G41_5536C11005G41,PROC_制初孔,制初孔,Part_1_14_5536C10411G72_5536C10411G72_1;SubAssembly_1_29_5536C11005G41_5536C11005G41,5536C10411G72 4号肋;5536C11005G41 左侧2号夹芯板,37.415113917;4.222310264;0.090749953,钻具,connect_and_both_require_initial_hole,两端对象存在 connect，且两端都 requireProcess 制初孔，因此生成制初孔任务。
57,Task_制初孔_Part_1_18_5536C10511G72_5536C10511G72_1_SubAssembly_1_32_5536C11008G41_5536C11008G41,制初孔_Part_1_18_5536C10511G72_5536C10511G72_1_SubAssembly_1_32_5536C11008G41_5536C11008G41,PROC_制初孔,制初孔,Part_1_18_5536C10511G72_5536C10511G72_1;SubAssembly_1_32_5536C11008G41_5536C11008G41,5536C10511G72 5号肋;5536C11008G41 右侧3号夹芯板,38.657023582;5.862179067;-0.056400878,钻具,connect_and_both_require_initial_hole,两端对象存在 connect，且两端都 requireProcess 制初孔，因此生成制初孔任务。
58,Task_制初孔_Part_1_18_5536C10511G72_5536C10511G72_1_SubAssembly_1_31_5536C11007G41_5536C11007G41,制初孔_Part_1_18_5536C10511G72_5536C10511G72_1_SubAssembly_1_31_5536C11007G41_5536C11007G41,PROC_制初孔,制初孔,Part_1_18_5536C10511G72_5536C10511G72_1;SubAssembly_1_31_5536C11007G41_5536C11007G41,5536C10511G72 5号肋;5536C11007G41 左侧3号夹芯板,38.657023582;5.862179067;0.056395775,钻具,connect_and_both_require_initial_hole,两端对象存在 connect，且两端都 requireProcess 制初孔，因此生成制初孔任务。
59,Task_制初孔_Part_1_22_5536C10611G72_5536C10611G72_1_SubAssembly_1_32_5536C11008G41_5536C11008G41,制初孔_Part_1_22_5536C10611G72_5536C10611G72_1_SubAssembly_1_32_5536C11008G41_5536C11008G41,PROC_制初孔,制初孔,Part_1_22_5536C10611G72_5536C10611G72_1;SubAssembly_1_32_5536C11008G41_5536C11008G41,5536C10611G72 6号肋;5536C11008G41 右侧3号夹芯板,39.082247118;6.42623018;-0.056399765,钻具,connect_and_both_require_initial_hole,两端对象存在 connect，且两端都 requireProcess 制初孔，因此生成制初孔任务。
60,Task_制初孔_Part_1_22_5536C10611G72_5536C10611G72_1_SubAssembly_1_31_5536C11007G41_5536C11007G41,制初孔_Part_1_22_5536C10611G72_5536C10611G72_1_SubAssembly_1_31_5536C11007G41_5536C11007G41,PROC_制初孔,制初孔,Part_1_22_5536C10611G72_5536C10611G72_1;SubAssembly_1_31_5536C11007G41_5536C11007G41,5536C10611G72 6号肋;5536C11007G41 左侧3号夹芯板,39.082247118;6.42623018;0.056396888,钻具,connect_and_both_require_initial_hole,两端对象存在 connect，且两端都 requireProcess 制初孔，因此生成制初孔任务。
61,Task_制连接孔_Part_1_2_5536C10101G71_5536C10101G71_1_SubAssembly_1_33_5536C12000G42_5536C12000G42_1,制连接孔_Part_1_2_5536C10101G71_5536C10101G71_1_SubAssembly_1_33_5536C12000G42_5536C12000G42_1,PROC_制连接孔,制连接孔,Part_1_2_5536C10101G71_5536C10101G71_1;SubAssembly_1_33_5536C12000G42_5536C12000G42_1,5536C10101G71 1号肋;5536C12000G42 辅助梁组件,36.511823622;3.299726413;0.022108493,钻具,connect_and_both_require_connection_hole,两端对象存在 connect，且两端都 requireProcess 制连接孔，因此生成制连接孔任务。
62,Task_制连接孔_Part_1_4_5536C10105G71_5536C10105G71_1_SubAssembly_1_33_5536C12000G42_5536C12000G42_1,制连接孔_Part_1_4_5536C10105G71_5536C10105G71_1_SubAssembly_1_33_5536C12000G42_5536C12000G42_1,PROC_制连接孔,制连接孔,Part_1_4_5536C10105G71_5536C10105G71_1;SubAssembly_1_33_5536C12000G42_5536C12000G42_1,5536C10105G71 1号肋;5536C12000G42 辅助梁组件,36.527105467;3.301860876;-0.102756501,钻具,connect_and_both_require_connection_hole,两端对象存在 connect，且两端都 requireProcess 制连接孔，因此生成制连接孔任务。
63,Task_制连接孔_Part_1_6_5536C10211G71_5536C10211G71_1_SubAssembly_1_33_5536C12000G42_5536C12000G42_1,制连接孔_Part_1_6_5536C10211G71_5536C10211G71_1_SubAssembly_1_33_5536C12000G42_5536C12000G42_1,PROC_制连接孔,制连接孔,Part_1_6_5536C10211G71_5536C10211G71_1;SubAssembly_1_33_5536C12000G42_5536C12000G42_1,5536C10211G71 2号肋;5536C12000G42 辅助梁组件,36.740220882;3.524735726;-0.002652678,钻具,connect_and_both_require_connection_hole,两端对象存在 connect，且两端都 requireProcess 制连接孔，因此生成制连接孔任务。
64,Task_制连接孔_Part_1_8_5536C10214G70_5536C10214G70_1_SubAssembly_1_33_5536C12000G42_5536C12000G42_1,制连接孔_Part_1_8_5536C10214G70_5536C10214G70_1_SubAssembly_1_33_5536C12000G42_5536C12000G42_1,PROC_制连接孔,制连接孔,Part_1_8_5536C10214G70_5536C10214G70_1;SubAssembly_1_33_5536C12000G42_5536C12000G42_1,5536C10214G70 2号肋缘条;5536C12000G42 辅助梁组件,36.742290468;3.530835809;-0.101709147,钻具,connect_and_both_require_connection_hole,两端对象存在 connect，且两端都 requireProcess 制连接孔，因此生成制连接孔任务。
65,Task_制连接孔_Part_1_7_5536C10213G70_5536C10213G70_1_SubAssembly_1_33_5536C12000G42_5536C12000G42_1,制连接孔_Part_1_7_5536C10213G70_5536C10213G70_1_SubAssembly_1_33_5536C12000G42_5536C12000G42_1,PROC_制连接孔,制连接孔,Part_1_7_5536C10213G70_5536C10213G70_1;SubAssembly_1_33_5536C12000G42_5536C12000G42_1,5536C10213G70 2号肋缘条;5536C12000G42 辅助梁组件,36.742290468;3.530835809;0.101735964,钻具,connect_and_both_require_connection_hole,两端对象存在 connect，且两端都 requireProcess 制连接孔，因此生成制连接孔任务。
66,Task_制连接孔_Part_1_10_5536C10311G72_5536C10311G72_1_SubAssembly_1_33_5536C12000G42_5536C12000G42_1,制连接孔_Part_1_10_5536C10311G72_5536C10311G72_1_SubAssembly_1_33_5536C12000G42_5536C12000G42_1,PROC_制连接孔,制连接孔,Part_1_10_5536C10311G72_5536C10311G72_1;SubAssembly_1_33_5536C12000G42_5536C12000G42_1,5536C10311G72 3号肋;5536C12000G42 辅助梁组件,37.184251727;4.100937668;-0.000510582,钻具,connect_and_both_require_connection_hole,两端对象存在 connect，且两端都 requireProcess 制连接孔，因此生成制连接孔任务。
67,Task_制连接孔_Part_1_11_5536C10313G70_5536C10313G70_1_SubAssembly_1_33_5536C12000G42_5536C12000G42_1,制连接孔_Part_1_11_5536C10313G70_5536C10313G70_1_SubAssembly_1_33_5536C12000G42_5536C12000G42_1,PROC_制连接孔,制连接孔,Part_1_11_5536C10313G70_5536C10313G70_1;SubAssembly_1_33_5536C12000G42_5536C12000G42_1,5536C10313G70 角片;5536C12000G42 辅助梁组件,37.063675819;4.188581611;0.047932073,钻具,connect_and_both_require_connection_hole,两端对象存在 connect，且两端都 requireProcess 制连接孔，因此生成制连接孔任务。
68,Task_制连接孔_Part_1_12_5536C10314G70_5536C10314G70_1_SubAssembly_1_33_5536C12000G42_5536C12000G42_1,制连接孔_Part_1_12_5536C10314G70_5536C10314G70_1_SubAssembly_1_33_5536C12000G42_5536C12000G42_1,PROC_制连接孔,制连接孔,Part_1_12_5536C10314G70_5536C10314G70_1;SubAssembly_1_33_5536C12000G42_5536C12000G42_1,5536C10314G70 角片;5536C12000G42 辅助梁组件,37.063675819;4.188581611;-0.047905257,钻具,connect_and_both_require_connection_hole,两端对象存在 connect，且两端都 requireProcess 制连接孔，因此生成制连接孔任务。
69,Task_制连接孔_Part_1_14_5536C10411G72_5536C10411G72_1_SubAssembly_1_33_5536C12000G42_5536C12000G42_1,制连接孔_Part_1_14_5536C10411G72_5536C10411G72_1_SubAssembly_1_33_5536C12000G42_5536C12000G42_1,PROC_制连接孔,制连接孔,Part_1_14_5536C10411G72_5536C10411G72_1;SubAssembly_1_33_5536C12000G42_5536C12000G42_1,5536C10411G72 4号肋;5536C12000G42 辅助梁组件,37.599843037;4.661151543;-0.000237351,钻具,connect_and_both_require_connection_hole,两端对象存在 connect，且两端都 requireProcess 制连接孔，因此生成制连接孔任务。
70,Task_制连接孔_Part_1_16_5536C10414G72_5536C10414G72_1_SubAssembly_1_33_5536C12000G42_5536C12000G42_1,制连接孔_Part_1_16_5536C10414G72_5536C10414G72_1_SubAssembly_1_33_5536C12000G42_5536C12000G42_1,PROC_制连接孔,制连接孔,Part_1_16_5536C10414G72_5536C10414G72_1;SubAssembly_1_33_5536C12000G42_5536C12000G42_1,5536C10414G72 4号肋缘条;5536C12000G42 辅助梁组件,37.60127801;4.668564586;-0.069845753,钻具,connect_and_both_require_connection_hole,两端对象存在 connect，且两端都 requireProcess 制连接孔，因此生成制连接孔任务。
71,Task_制连接孔_Part_1_15_5536C10413G72_5536C10413G72_1_SubAssembly_1_33_5536C12000G42_5536C12000G42_1,制连接孔_Part_1_15_5536C10413G72_5536C10413G72_1_SubAssembly_1_33_5536C12000G42_5536C12000G42_1,PROC_制连接孔,制连接孔,Part_1_15_5536C10413G72_5536C10413G72_1;SubAssembly_1_33_5536C12000G42_5536C12000G42_1,5536C10413G72 4号肋缘条;5536C12000G42 辅助梁组件,37.60127801;4.668564586;0.069872569,钻具,connect_and_both_require_connection_hole,两端对象存在 connect，且两端都 requireProcess 制连接孔，因此生成制连接孔任务。
72,Task_制连接孔_Part_1_18_5536C10511G72_5536C10511G72_1_SubAssembly_1_33_5536C12000G42_5536C12000G42_1,制连接孔_Part_1_18_5536C10511G72_5536C10511G72_1_SubAssembly_1_33_5536C12000G42_5536C12000G42_1,PROC_制连接孔,制连接孔,Part_1_18_5536C10511G72_5536C10511G72_1;SubAssembly_1_33_5536C12000G42_5536C12000G42_1,5536C10511G72 5号肋;5536C12000G42 辅助梁组件,37.915763775;5.075780421;1.0857e-05,钻具,connect_and_both_require_connection_hole,两端对象存在 connect，且两端都 requireProcess 制连接孔，因此生成制连接孔任务。
73,Task_制连接孔_Part_1_19_5536C10513G70_5536C10513G70_1_SubAssembly_1_33_5536C12000G42_5536C12000G42_1,制连接孔_Part_1_19_5536C10513G70_5536C10513G70_1_SubAssembly_1_33_5536C12000G42_5536C12000G42_1,PROC_制连接孔,制连接孔,Part_1_19_5536C10513G70_5536C10513G70_1;SubAssembly_1_33_5536C12000G42_5536C12000G42_1,5536C10513G70 角片;5536C12000G42 辅助梁组件,37.828404895;5.141475515;0.028003995,钻具,connect_and_both_require_connection_hole,两端对象存在 connect，且两端都 requireProcess 制连接孔，因此生成制连接孔任务。
74,Task_制连接孔_Part_1_20_5536C10514G70_5536C10514G70_1_SubAssembly_1_33_5536C12000G42_5536C12000G42_1,制连接孔_Part_1_20_5536C10514G70_5536C10514G70_1_SubAssembly_1_33_5536C12000G42_5536C12000G42_1,PROC_制连接孔,制连接孔,Part_1_20_5536C10514G70_5536C10514G70_1;SubAssembly_1_33_5536C12000G42_5536C12000G42_1,5536C10514G70 角片;5536C12000G42 辅助梁组件,37.828404895;5.141475515;-0.027977178,钻具,connect_and_both_require_connection_hole,两端对象存在 connect，且两端都 requireProcess 制连接孔，因此生成制连接孔任务。
75,Task_制连接孔_Part_1_22_5536C10611G72_5536C10611G72_1_SubAssembly_1_33_5536C12000G42_5536C12000G42_1,制连接孔_Part_1_22_5536C10611G72_5536C10611G72_1_SubAssembly_1_33_5536C12000G42_5536C12000G42_1,PROC_制连接孔,制连接孔,Part_1_22_5536C10611G72_5536C10611G72_1;SubAssembly_1_33_5536C12000G42_5536C12000G42_1,5536C10611G72 6号肋;5536C12000G42 辅助梁组件,38.340987311;5.639831534;1.1969e-05,钻具,connect_and_both_require_connection_hole,两端对象存在 connect，且两端都 requireProcess 制连接孔，因此生成制连接孔任务。
76,Task_制连接孔_Part_1_23_5536C10613G70_5536C10613G70_1_SubAssembly_1_33_5536C12000G42_5536C12000G42_1,制连接孔_Part_1_23_5536C10613G70_5536C10613G70_1_SubAssembly_1_33_5536C12000G42_5536C12000G42_1,PROC_制连接孔,制连接孔,Part_1_23_5536C10613G70_5536C10613G70_1;SubAssembly_1_33_5536C12000G42_5536C12000G42_1,5536C10613G70 角片;5536C12000G42 辅助梁组件,38.271461193;5.69363488;0.015568674,钻具,connect_and_both_require_connection_hole,两端对象存在 connect，且两端都 requireProcess 制连接孔，因此生成制连接孔任务。
77,Task_制连接孔_Part_1_24_5536C10614G70_5536C10614G70_1_SubAssembly_1_33_5536C12000G42_5536C12000G42_1,制连接孔_Part_1_24_5536C10614G70_5536C10614G70_1_SubAssembly_1_33_5536C12000G42_5536C12000G42_1,PROC_制连接孔,制连接孔,Part_1_24_5536C10614G70_5536C10614G70_1;SubAssembly_1_33_5536C12000G42_5536C12000G42_1,5536C10614G70 角片;5536C12000G42 辅助梁组件,38.271461193;5.69363488;-0.015541857,钻具,connect_and_both_require_connection_hole,两端对象存在 connect，且两端都 requireProcess 制连接孔，因此生成制连接孔任务。
78,Task_制连接孔_SubAssembly_1_32_5536C11008G41_5536C11008G41_SubAssembly_1_33_5536C12000G42_5536C12000G42_1,制连接孔_SubAssembly_1_32_5536C11008G41_5536C11008G41_SubAssembly_1_33_5536C12000G42_5536C12000G42_1,PROC_制连接孔,制连接孔,SubAssembly_1_32_5536C11008G41_5536C11008G41;SubAssembly_1_33_5536C12000G42_5536C12000G42_1,5536C11008G41 右侧3号夹芯板;5536C12000G42 辅助梁组件,38.067092379;5.298881494;-0.056384918,钻具,connect_and_both_require_connection_hole,两端对象存在 connect，且两端都 requireProcess 制连接孔，因此生成制连接孔任务。
79,Task_制连接孔_SubAssembly_1_31_5536C11007G41_5536C11007G41_SubAssembly_1_33_5536C12000G42_5536C12000G42_1,制连接孔_SubAssembly_1_31_5536C11007G41_5536C11007G41_SubAssembly_1_33_5536C12000G42_5536C12000G42_1,PROC_制连接孔,制连接孔,SubAssembly_1_31_5536C11007G41_5536C11007G41;SubAssembly_1_33_5536C12000G42_5536C12000G42_1,5536C11007G41 左侧3号夹芯板;5536C12000G42 辅助梁组件,38.067092379;5.298881494;0.056411735,钻具,connect_and_both_require_connection_hole,两端对象存在 connect，且两端都 requireProcess 制连接孔，因此生成制连接孔任务。
80,Task_制连接孔_SubAssembly_1_30_5536C11006G41_5536C11006G41_SubAssembly_1_33_5536C12000G42_5536C12000G42_1,制连接孔_SubAssembly_1_30_5536C11006G41_5536C11006G41_SubAssembly_1_33_5536C12000G42_5536C12000G42_1,PROC_制连接孔,制连接孔,SubAssembly_1_30_5536C11006G41_5536C11006G41;SubAssembly_1_33_5536C12000G42_5536C12000G42_1,5536C11006G41 右侧2号夹芯板;5536C12000G42 辅助梁组件,37.141103452;4.073641568;-0.090987303,钻具,connect_and_both_require_connection_hole,两端对象存在 connect，且两端都 requireProcess 制连接孔，因此生成制连接孔任务。
81,Task_制连接孔_SubAssembly_1_29_5536C11005G41_5536C11005G41_SubAssembly_1_33_5536C12000G42_5536C12000G42_1,制连接孔_SubAssembly_1_29_5536C11005G41_5536C11005G41_SubAssembly_1_33_5536C12000G42_5536C12000G42_1,PROC_制连接孔,制连接孔,SubAssembly_1_29_5536C11005G41_5536C11005G41;SubAssembly_1_33_5536C12000G42_5536C12000G42_1,5536C11005G41 左侧2号夹芯板;5536C12000G42 辅助梁组件,37.141103452;4.073641568;0.09101412,钻具,connect_and_both_require_connection_hole,两端对象存在 connect，且两端都 requireProcess 制连接孔，因此生成制连接孔任务。
82,Task_制连接孔_SubAssembly_1_28_5536C11004G41_5536C11004G41_SubAssembly_1_33_5536C12000G42_5536C12000G42_1,制连接孔_SubAssembly_1_28_5536C11004G41_5536C11004G41_SubAssembly_1_33_5536C12000G42_5536C12000G42_1,PROC_制连接孔,制连接孔,SubAssembly_1_28_5536C11004G41_5536C11004G41;SubAssembly_1_33_5536C12000G42_5536C12000G42_1,5536C11004G41 右侧1号夹芯板;5536C12000G42 辅助梁组件,36.610506052;3.424096583;-0.104790298,钻具,connect_and_both_require_connection_hole,两端对象存在 connect，且两端都 requireProcess 制连接孔，因此生成制连接孔任务。
83,Task_制连接孔_SubAssembly_1_27_5536C11003G41_5536C11003G41_SubAssembly_1_33_5536C12000G42_5536C12000G42_1,制连接孔_SubAssembly_1_27_5536C11003G41_5536C11003G41_SubAssembly_1_33_5536C12000G42_5536C12000G42_1,PROC_制连接孔,制连接孔,SubAssembly_1_27_5536C11003G41_5536C11003G41;SubAssembly_1_33_5536C12000G42_5536C12000G42_1,5536C11003G41 左侧1号夹芯板;5536C12000G42 辅助梁组件,36.610506052;3.424096583;0.104817114,钻具,connect_and_both_require_connection_hole,两端对象存在 connect，且两端都 requireProcess 制连接孔，因此生成制连接孔任务。
84,Task_制连接孔_Part_1_2_5536C10101G71_5536C10101G71_1_Part_1_4_5536C10105G71_5536C10105G71_1,制连接孔_Part_1_2_5536C10101G71_5536C10101G71_1_Part_1_4_5536C10105G71_5536C10105G71_1,PROC_制连接孔,制连接孔,Part_1_2_5536C10101G71_5536C10101G71_1;Part_1_4_5536C10105G71_5536C10105G71_1,5536C10101G71 1号肋;5536C10105G71 1号肋,35.713096516;2.089104441;-0.080674825,钻具,connect_and_both_require_connection_hole,两端对象存在 connect，且两端都 requireProcess 制连接孔，因此生成制连接孔任务。
85,Task_制连接孔_Part_1_2_5536C10101G71_5536C10101G71_1_Part_1_3_5536C10103G71_5536C10103G71_1,制连接孔_Part_1_2_5536C10101G71_5536C10101G71_1_Part_1_3_5536C10103G71_5536C10103G71_1,PROC_制连接孔,制连接孔,Part_1_2_5536C10101G71_5536C10101G71_1;Part_1_3_5536C10103G71_5536C10103G71_1,5536C10101G71 1号肋;5536C10103G71 1号肋角材,35.954420881;2.099370424;0.028345085,钻具,connect_and_both_require_connection_hole,两端对象存在 connect，且两端都 requireProcess 制连接孔，因此生成制连接孔任务。
86,Task_制连接孔_Part_1_2_5536C10101G71_5536C10101G71_1_SubAssembly_1_27_5536C11003G41_5536C11003G41,制连接孔_Part_1_2_5536C10101G71_5536C10101G71_1_SubAssembly_1_27_5536C11003G41_5536C11003G41,PROC_制连接孔,制连接孔,Part_1_2_5536C10101G71_5536C10101G71_1;SubAssembly_1_27_5536C11003G41_5536C11003G41,5536C10101G71 1号肋;5536C11003G41 左侧1号夹芯板,35.796497102;2.211340148;0.126898791,钻具,connect_and_both_require_connection_hole,两端对象存在 connect，且两端都 requireProcess 制连接孔，因此生成制连接孔任务。
87,Task_制连接孔_Part_1_2_5536C10101G71_5536C10101G71_1_SubAssembly_1_26_5536C11002G41_5536C11002G41_1,制连接孔_Part_1_2_5536C10101G71_5536C10101G71_1_SubAssembly_1_26_5536C11002G41_5536C11002G41_1,PROC_制连接孔,制连接孔,Part_1_2_5536C10101G71_5536C10101G71_1;SubAssembly_1_26_5536C11002G41_5536C11002G41_1,5536C10101G71 1号肋;5536C11002G41 右侧下封面板,35.645042248;2.03901128;-0.081313344,钻具,connect_and_both_require_connection_hole,两端对象存在 connect，且两端都 requireProcess 制连接孔，因此生成制连接孔任务。
88,Task_制连接孔_Part_1_2_5536C10101G71_5536C10101G71_1_SubAssembly_1_25_5536C11001G41_5536C11001G41_1,制连接孔_Part_1_2_5536C10101G71_5536C10101G71_1_SubAssembly_1_25_5536C11001G41_5536C11001G41_1,PROC_制连接孔,制连接孔,Part_1_2_5536C10101G71_5536C10101G71_1;SubAssembly_1_25_5536C11001G41_5536C11001G41_1,5536C10101G71 1号肋;5536C11001G41 左侧下封面板,35.645036699;2.039012372;0.125503381,钻具,connect_and_both_require_connection_hole,两端对象存在 connect，且两端都 requireProcess 制连接孔，因此生成制连接孔任务。
89,Task_制连接孔_Part_1_4_5536C10105G71_5536C10105G71_1_SubAssembly_1_28_5536C11004G41_5536C11004G41,制连接孔_Part_1_4_5536C10105G71_5536C10105G71_1_SubAssembly_1_28_5536C11004G41_5536C11004G41,PROC_制连接孔,制连接孔,Part_1_4_5536C10105G71_5536C10105G71_1;SubAssembly_1_28_5536C11004G41_5536C11004G41,5536C10105G71 1号肋;5536C11004G41 右侧1号夹芯板,35.811778947;2.213474612;-0.207573616,钻具,connect_and_both_require_connection_hole,两端对象存在 connect，且两端都 requireProcess 制连接孔，因此生成制连接孔任务。
90,Task_制连接孔_Part_1_4_5536C10105G71_5536C10105G71_1_SubAssembly_1_26_5536C11002G41_5536C11002G41_1,制连接孔_Part_1_4_5536C10105G71_5536C10105G71_1_SubAssembly_1_26_5536C11002G41_5536C11002G41_1,PROC_制连接孔,制连接孔,Part_1_4_5536C10105G71_5536C10105G71_1;SubAssembly_1_26_5536C11002G41_5536C11002G41_1,5536C10105G71 1号肋;5536C11002G41 右侧下封面板,35.660324093;2.041145743;-0.206178338,钻具,connect_and_both_require_connection_hole,两端对象存在 connect，且两端都 requireProcess 制连接孔，因此生成制连接孔任务。
91,Task_制连接孔_Part_1_5_5536C10203G71_5536C10203G71_1_Part_1_6_5536C10211G71_5536C10211G71_1,制连接孔_Part_1_5_5536C10203G71_5536C10203G71_1_Part_1_6_5536C10211G71_5536C10211G71_1,PROC_制连接孔,制连接孔,Part_1_5_5536C10203G71_5536C10203G71_1;Part_1_6_5536C10211G71_5536C10211G71_1,5536C10203G71 2号肋角材;5536C10211G71 2号肋,36.271738528;2.451251207;-0.002666087,钻具,connect_and_both_require_connection_hole,两端对象存在 connect，且两端都 requireProcess 制连接孔，因此生成制连接孔任务。
92,Task_制连接孔_Part_1_6_5536C10211G71_5536C10211G71_1_Part_1_8_5536C10214G70_5536C10214G70_1,制连接孔_Part_1_6_5536C10211G71_5536C10211G71_1_Part_1_8_5536C10214G70_5536C10214G70_1,PROC_制连接孔,制连接孔,Part_1_6_5536C10211G71_5536C10211G71_1;Part_1_8_5536C10214G70_5536C10214G70_1,5536C10211G71 2号肋;5536C10214G70 2号肋缘条,36.156678779;2.543088688;-0.104388642,钻具,connect_and_both_require_connection_hole,两端对象存在 connect，且两端都 requireProcess 制连接孔，因此生成制连接孔任务。
93,Task_制连接孔_Part_1_6_5536C10211G71_5536C10211G71_1_Part_1_7_5536C10213G70_5536C10213G70_1,制连接孔_Part_1_6_5536C10211G71_5536C10211G71_1_Part_1_7_5536C10213G70_5536C10213G70_1,PROC_制连接孔,制连接孔,Part_1_6_5536C10211G71_5536C10211G71_1;Part_1_7_5536C10213G70_5536C10213G70_1,5536C10211G71 2号肋;5536C10213G70 2号肋缘条,36.156678779;2.543088688;0.099056469,钻具,connect_and_both_require_connection_hole,两端对象存在 connect，且两端都 requireProcess 制连接孔，因此生成制连接孔任务。
94,Task_制连接孔_Part_1_6_5536C10211G71_5536C10211G71_1_SubAssembly_1_28_5536C11004G41_5536C11004G41,制连接孔_Part_1_6_5536C10211G71_5536C10211G71_1_SubAssembly_1_28_5536C11004G41_5536C11004G41,PROC_制连接孔,制连接孔,Part_1_6_5536C10211G71_5536C10211G71_1;SubAssembly_1_28_5536C11004G41_5536C11004G41,5536C10211G71 2号肋;5536C11004G41 右侧1号夹芯板,36.024894363;2.436349462;-0.107469793,钻具,connect_and_both_require_connection_hole,两端对象存在 connect，且两端都 requireProcess 制连接孔，因此生成制连接孔任务。
95,Task_制连接孔_Part_1_6_5536C10211G71_5536C10211G71_1_SubAssembly_1_27_5536C11003G41_5536C11003G41,制连接孔_Part_1_6_5536C10211G71_5536C10211G71_1_SubAssembly_1_27_5536C11003G41_5536C11003G41,PROC_制连接孔,制连接孔,Part_1_6_5536C10211G71_5536C10211G71_1;SubAssembly_1_27_5536C11003G41_5536C11003G41,5536C10211G71 2号肋;5536C11003G41 左侧1号夹芯板,36.024894363;2.436349462;0.102137619,钻具,connect_and_both_require_connection_hole,两端对象存在 connect，且两端都 requireProcess 制连接孔，因此生成制连接孔任务。
96,Task_制连接孔_Part_1_34_5536C14001G71_5536C14001G70_1_SubAssembly_1_27_5536C11003G41_5536C11003G41,制连接孔_Part_1_34_5536C14001G71_5536C14001G70_1_SubAssembly_1_27_5536C11003G41_5536C11003G41,PROC_制连接孔,制连接孔,Part_1_34_5536C14001G71_5536C14001G70_1;SubAssembly_1_27_5536C11003G41_5536C11003G41,5536C14001G71 1号连接带板;5536C11003G41 左侧1号夹芯板,36.054323824;2.297084079;0.229590986,钻具,connect_and_both_require_connection_hole,两端对象存在 connect，且两端都 requireProcess 制连接孔，因此生成制连接孔任务。
97,Task_制连接孔_Part_1_35_5536C14002G71_5536C14002G70_1_SubAssembly_1_28_5536C11004G41_5536C11004G41,制连接孔_Part_1_35_5536C14002G71_5536C14002G70_1_SubAssembly_1_28_5536C11004G41_5536C11004G41,PROC_制连接孔,制连接孔,Part_1_35_5536C14002G71_5536C14002G70_1;SubAssembly_1_28_5536C11004G41_5536C11004G41,5536C14002G71 1号连接带板;5536C11004G41 右侧1号夹芯板,36.054323824;2.297084079;-0.229590986,钻具,connect_and_both_require_connection_hole,两端对象存在 connect，且两端都 requireProcess 制连接孔，因此生成制连接孔任务。
98,Task_制连接孔_Part_1_8_5536C10214G70_5536C10214G70_1_SubAssembly_1_30_5536C11006G41_5536C11006G41,制连接孔_Part_1_8_5536C10214G70_5536C10214G70_1_SubAssembly_1_30_5536C11006G41_5536C11006G41,PROC_制连接孔,制连接孔,Part_1_8_5536C10214G70_5536C10214G70_1;SubAssembly_1_30_5536C11006G41_5536C11006G41,5536C10214G70 2号肋缘条;5536C11006G41 右侧2号夹芯板,36.557561349;3.09199453;-0.192723267,钻具,connect_and_both_require_connection_hole,两端对象存在 connect，且两端都 requireProcess 制连接孔，因此生成制连接孔任务。
99,Task_制连接孔_Part_1_7_5536C10213G70_5536C10213G70_1_SubAssembly_1_29_5536C11005G41_5536C11005G41,制连接孔_Part_1_7_5536C10213G70_5536C10213G70_1_SubAssembly_1_29_5536C11005G41_5536C11005G41,PROC_制连接孔,制连接孔,Part_1_7_5536C10213G70_5536C10213G70_1;SubAssembly_1_29_5536C11005G41_5536C11005G41,5536C10213G70 2号肋缘条;5536C11005G41 左侧2号夹芯板,36.557561349;3.09199453;0.192723267,钻具,connect_and_both_require_connection_hole,两端对象存在 connect，且两端都 requireProcess 制连接孔，因此生成制连接孔任务。
100,Task_制连接孔_Part_1_37_5536C14004G71_5536C14004G70_1_SubAssembly_1_30_5536C11006G41_5536C11006G41,制连接孔_Part_1_37_5536C14004G71_5536C14004G70_1_SubAssembly_1_30_5536C11006G41_5536C11006G41,PROC_制连接孔,制连接孔,Part_1_37_5536C14004G71_5536C14004G70_1;SubAssembly_1_30_5536C11006G41_5536C11006G41,5536C14004G71 2号连接带板;5536C11006G41 右侧2号夹芯板,36.868259931;3.303324869;-0.204421779,钻具,connect_and_both_require_connection_hole,两端对象存在 connect，且两端都 requireProcess 制连接孔，因此生成制连接孔任务。
101,Task_制连接孔_Part_1_36_5536C14003G71_5536C14003G70_1_SubAssembly_1_29_5536C11005G41_5536C11005G41,制连接孔_Part_1_36_5536C14003G71_5536C14003G70_1_SubAssembly_1_29_5536C11005G41_5536C11005G41,PROC_制连接孔,制连接孔,Part_1_36_5536C14003G71_5536C14003G70_1;SubAssembly_1_29_5536C11005G41_5536C11005G41,5536C14003G71 2号连接带板;5536C11005G41 左侧2号夹芯板,36.868259931;3.303324869;0.204421779,钻具,connect_and_both_require_connection_hole,两端对象存在 connect，且两端都 requireProcess 制连接孔，因此生成制连接孔任务。
102,Task_制连接孔_Part_1_10_5536C10311G72_5536C10311G72_1_Part_1_9_5536C10303G71_5536C10303G71_1,制连接孔_Part_1_10_5536C10311G72_5536C10311G72_1_Part_1_9_5536C10303G71_5536C10303G71_1,PROC_制连接孔,制连接孔,Part_1_10_5536C10311G72_5536C10311G72_1;Part_1_9_5536C10303G71_5536C10303G71_1,5536C10311G72 3号肋;5536C10303G71 3号肋角材,37.136515215;3.621089155;-0.00052399,钻具,connect_and_both_require_connection_hole,两端对象存在 connect，且两端都 requireProcess 制连接孔，因此生成制连接孔任务。
103,Task_制连接孔_Part_1_10_5536C10311G72_5536C10311G72_1_Part_1_11_5536C10313G70_5536C10313G70_1,制连接孔_Part_1_10_5536C10311G72_5536C10311G72_1_Part_1_11_5536C10313G70_5536C10313G70_1,PROC_制连接孔,制连接孔,Part_1_10_5536C10311G72_5536C10311G72_1;Part_1_11_5536C10313G70_5536C10313G70_1,5536C10311G72 3号肋;5536C10313G70 角片,36.922094975;3.777036431;0.047394675,钻具,connect_and_both_require_connection_hole,两端对象存在 connect，且两端都 requireProcess 制连接孔，因此生成制连接孔任务。
104,Task_制连接孔_Part_1_10_5536C10311G72_5536C10311G72_1_Part_1_12_5536C10314G70_5536C10314G70_1,制连接孔_Part_1_10_5536C10311G72_5536C10311G72_1_Part_1_12_5536C10314G70_5536C10314G70_1,PROC_制连接孔,制连接孔,Part_1_10_5536C10311G72_5536C10311G72_1;Part_1_12_5536C10314G70_5536C10314G70_1,5536C10311G72 3号肋;5536C10314G70 角片,36.922094975;3.777036431;-0.048442655,钻具,connect_and_both_require_connection_hole,两端对象存在 connect，且两端都 requireProcess 制连接孔，因此生成制连接孔任务。
105,Task_制连接孔_Part_1_10_5536C10311G72_5536C10311G72_1_SubAssembly_1_30_5536C11006G41_5536C11006G41,制连接孔_Part_1_10_5536C10311G72_5536C10311G72_1_SubAssembly_1_30_5536C11006G41_5536C11006G41,PROC_制连接孔,制连接孔,Part_1_10_5536C10311G72_5536C10311G72_1;SubAssembly_1_30_5536C11006G41_5536C11006G41,5536C10311G72 3号肋;5536C11006G41 右侧2号夹芯板,36.999522608;3.662096389;-0.091524702,钻具,connect_and_both_require_connection_hole,两端对象存在 connect，且两端都 requireProcess 制连接孔，因此生成制连接孔任务。
106,Task_制连接孔_Part_1_10_5536C10311G72_5536C10311G72_1_SubAssembly_1_29_5536C11005G41_5536C11005G41,制连接孔_Part_1_10_5536C10311G72_5536C10311G72_1_SubAssembly_1_29_5536C11005G41_5536C11005G41,PROC_制连接孔,制连接孔,Part_1_10_5536C10311G72_5536C10311G72_1;SubAssembly_1_29_5536C11005G41_5536C11005G41,5536C10311G72 3号肋;5536C11005G41 左侧2号夹芯板,36.999522608;3.662096389;0.090476722,钻具,connect_and_both_require_connection_hole,两端对象存在 connect，且两端都 requireProcess 制连接孔，因此生成制连接孔任务。
107,Task_制连接孔_Part_1_39_5536C14006G71_5536C14006G71_1_SubAssembly_1_30_5536C11006G41_5536C11006G41,制连接孔_Part_1_39_5536C14006G71_5536C14006G71_1_SubAssembly_1_30_5536C11006G41_5536C11006G41,PROC_制连接孔,制连接孔,Part_1_39_5536C14006G71_5536C14006G71_1;SubAssembly_1_30_5536C11006G41_5536C11006G41,5536C14006G71 3号连接带板;5536C11006G41 右侧2号夹芯板,37.280209275;3.878635571;-0.185932075,钻具,connect_and_both_require_connection_hole,两端对象存在 connect，且两端都 requireProcess 制连接孔，因此生成制连接孔任务。
108,Task_制连接孔_Part_1_38_5536C14005G71_5536C14005G71_1_SubAssembly_1_29_5536C11005G41_5536C11005G41,制连接孔_Part_1_38_5536C14005G71_5536C14005G71_1_SubAssembly_1_29_5536C11005G41_5536C11005G41,PROC_制连接孔,制连接孔,Part_1_38_5536C14005G71_5536C14005G71_1;SubAssembly_1_29_5536C11005G41_5536C11005G41,5536C14005G71 3号连接带板;5536C11005G41 左侧2号夹芯板,37.280209275;3.878635571;0.185932075,钻具,connect_and_both_require_connection_hole,两端对象存在 connect，且两端都 requireProcess 制连接孔，因此生成制连接孔任务。
109,Task_制连接孔_Part_1_13_5536C10403G71_5536C10403G71_1_Part_1_14_5536C10411G72_5536C10411G72_1,制连接孔_Part_1_13_5536C10403G71_5536C10403G71_1_Part_1_14_5536C10411G72_5536C10411G72_1,PROC_制连接孔,制连接孔,Part_1_13_5536C10403G71_5536C10403G71_1;Part_1_14_5536C10411G72_5536C10411G72_1,5536C10403G71 4号肋角材;5536C10411G72 4号肋,37.955662888;4.749741594;-0.000250759,钻具,connect_and_both_require_connection_hole,两端对象存在 connect，且两端都 requireProcess 制连接孔，因此生成制连接孔任务。
110,Task_制连接孔_Part_1_14_5536C10411G72_5536C10411G72_1_Part_1_16_5536C10414G72_5536C10414G72_1,制连接孔_Part_1_14_5536C10411G72_5536C10411G72_1_Part_1_16_5536C10414G72_5536C10414G72_1,PROC_制连接孔,制连接孔,Part_1_14_5536C10411G72_5536C10411G72_1;Part_1_16_5536C10414G72_5536C10414G72_1,5536C10411G72 4号肋;5536C10414G72 4号肋缘条,37.875288475;4.817233282;-0.07010992,钻具,connect_and_both_require_connection_hole,两端对象存在 connect，且两端都 requireProcess 制连接孔，因此生成制连接孔任务。
111,Task_制连接孔_Part_1_14_5536C10411G72_5536C10411G72_1_Part_1_15_5536C10413G72_5536C10413G72_1,制连接孔_Part_1_14_5536C10411G72_5536C10411G72_1_Part_1_15_5536C10413G72_5536C10413G72_1,PROC_制连接孔,制连接孔,Part_1_14_5536C10411G72_5536C10411G72_1;Part_1_15_5536C10413G72_5536C10413G72_1,5536C10411G72 4号肋;5536C10413G72 4号肋缘条,37.875288475;4.817233282;0.069608402,钻具,connect_and_both_require_connection_hole,两端对象存在 connect，且两端都 requireProcess 制连接孔，因此生成制连接孔任务。
112,Task_制连接孔_Part_1_14_5536C10411G72_5536C10411G72_1_SubAssembly_1_30_5536C11006G41_5536C11006G41,制连接孔_Part_1_14_5536C10411G72_5536C10411G72_1_SubAssembly_1_30_5536C11006G41_5536C11006G41,PROC_制连接孔,制连接孔,Part_1_14_5536C10411G72_5536C10411G72_1;SubAssembly_1_30_5536C11006G41_5536C11006G41,5536C10411G72 4号肋;5536C11006G41 右侧2号夹芯板,37.415113917;4.222310264;-0.09125147,钻具,connect_and_both_require_connection_hole,两端对象存在 connect，且两端都 requireProcess 制连接孔，因此生成制连接孔任务。
113,Task_制连接孔_Part_1_14_5536C10411G72_5536C10411G72_1_SubAssembly_1_29_5536C11005G41_5536C11005G41,制连接孔_Part_1_14_5536C10411G72_5536C10411G72_1_SubAssembly_1_29_5536C11005G41_5536C11005G41,PROC_制连接孔,制连接孔,Part_1_14_5536C10411G72_5536C10411G72_1;SubAssembly_1_29_5536C11005G41_5536C11005G41,5536C10411G72 4号肋;5536C11005G41 左侧2号夹芯板,37.415113917;4.222310264;0.090749953,钻具,connect_and_both_require_connection_hole,两端对象存在 connect，且两端都 requireProcess 制连接孔，因此生成制连接孔任务。
114,Task_制连接孔_Part_1_16_5536C10414G72_5536C10414G72_1_SubAssembly_1_32_5536C11008G41_5536C11008G41,制连接孔_Part_1_16_5536C10414G72_5536C10414G72_1_SubAssembly_1_32_5536C11008G41_5536C11008G41,PROC_制连接孔,制连接孔,Part_1_16_5536C10414G72_5536C10414G72_1;SubAssembly_1_32_5536C11008G41_5536C11008G41,5536C10414G72 4号肋缘条;5536C11008G41 右侧3号夹芯板,38.342537817;5.454963232;-0.126257488,钻具,connect_and_both_require_connection_hole,两端对象存在 connect，且两端都 requireProcess 制连接孔，因此生成制连接孔任务。
115,Task_制连接孔_Part_1_15_5536C10413G72_5536C10413G72_1_SubAssembly_1_31_5536C11007G41_5536C11007G41,制连接孔_Part_1_15_5536C10413G72_5536C10413G72_1_SubAssembly_1_31_5536C11007G41_5536C11007G41,PROC_制连接孔,制连接孔,Part_1_15_5536C10413G72_5536C10413G72_1;SubAssembly_1_31_5536C11007G41_5536C11007G41,5536C10413G72 4号肋缘条;5536C11007G41 左侧3号夹芯板,38.342537817;5.454963232;0.126257488,钻具,connect_and_both_require_connection_hole,两端对象存在 connect，且两端都 requireProcess 制连接孔，因此生成制连接孔任务。
116,Task_制连接孔_Part_1_41_5536C14008G71_5536C14008G71_1_SubAssembly_1_32_5536C11008G41_5536C11008G41,制连接孔_Part_1_41_5536C14008G71_5536C14008G71_1_SubAssembly_1_32_5536C11008G41_5536C11008G41,PROC_制连接孔,制连接孔,Part_1_41_5536C14008G71_5536C14008G71_1;SubAssembly_1_32_5536C11008G41_5536C11008G41,5536C14008G71 4号连接带板;5536C11008G41 右侧3号夹芯板,38.565896034;5.610310394;-0.134746097,钻具,connect_and_both_require_connection_hole,两端对象存在 connect，且两端都 requireProcess 制连接孔，因此生成制连接孔任务。
117,Task_制连接孔_Part_1_40_5536C14007G71_5536C14007G71_1_SubAssembly_1_31_5536C11007G41_5536C11007G41,制连接孔_Part_1_40_5536C14007G71_5536C14007G71_1_SubAssembly_1_31_5536C11007G41_5536C11007G41,PROC_制连接孔,制连接孔,Part_1_40_5536C14007G71_5536C14007G71_1;SubAssembly_1_31_5536C11007G41_5536C11007G41,5536C14007G71 4号连接带板;5536C11007G41 左侧3号夹芯板,38.565896034;5.610310395;0.134746097,钻具,connect_and_both_require_connection_hole,两端对象存在 connect，且两端都 requireProcess 制连接孔，因此生成制连接孔任务。
118,Task_制连接孔_Part_1_17_5536C10503G71_5536C10503G70_1_Part_1_18_5536C10511G72_5536C10511G72_1,制连接孔_Part_1_17_5536C10503G71_5536C10503G70_1_Part_1_18_5536C10511G72_5536C10511G72_1,PROC_制连接孔,制连接孔,Part_1_17_5536C10503G71_5536C10503G70_1;Part_1_18_5536C10511G72_5536C10511G72_1,5536C10503G71 5号肋角材;5536C10511G72 5号肋,38.57307566;5.589433914;-2.552e-06,钻具,connect_and_both_require_connection_hole,两端对象存在 connect，且两端都 requireProcess 制连接孔，因此生成制连接孔任务。
119,Task_制连接孔_Part_1_18_5536C10511G72_5536C10511G72_1_Part_1_19_5536C10513G70_5536C10513G70_1,制连接孔_Part_1_18_5536C10511G72_5536C10511G72_1_Part_1_19_5536C10513G70_5536C10513G70_1,PROC_制连接孔,制连接孔,Part_1_18_5536C10511G72_5536C10511G72_1;Part_1_19_5536C10513G70_5536C10513G70_1,5536C10511G72 5号肋;5536C10513G70 角片,38.418336098;5.704773088;0.027988035,钻具,connect_and_both_require_connection_hole,两端对象存在 connect，且两端都 requireProcess 制连接孔，因此生成制连接孔任务。
120,Task_制连接孔_Part_1_18_5536C10511G72_5536C10511G72_1_Part_1_20_5536C10514G70_5536C10514G70_1,制连接孔_Part_1_18_5536C10511G72_5536C10511G72_1_Part_1_20_5536C10514G70_5536C10514G70_1,PROC_制连接孔,制连接孔,Part_1_18_5536C10511G72_5536C10511G72_1;Part_1_20_5536C10514G70_5536C10514G70_1,5536C10511G72 5号肋;5536C10514G70 角片,38.418336098;5.704773088;-0.027993138,钻具,connect_and_both_require_connection_hole,两端对象存在 connect，且两端都 requireProcess 制连接孔，因此生成制连接孔任务。
121,Task_制连接孔_Part_1_18_5536C10511G72_5536C10511G72_1_SubAssembly_1_32_5536C11008G41_5536C11008G41,制连接孔_Part_1_18_5536C10511G72_5536C10511G72_1_SubAssembly_1_32_5536C11008G41_5536C11008G41,PROC_制连接孔,制连接孔,Part_1_18_5536C10511G72_5536C10511G72_1;SubAssembly_1_32_5536C11008G41_5536C11008G41,5536C10511G72 5号肋;5536C11008G41 右侧3号夹芯板,38.657023582;5.862179067;-0.056400878,钻具,connect_and_both_require_connection_hole,两端对象存在 connect，且两端都 requireProcess 制连接孔，因此生成制连接孔任务。
122,Task_制连接孔_Part_1_18_5536C10511G72_5536C10511G72_1_SubAssembly_1_31_5536C11007G41_5536C11007G41,制连接孔_Part_1_18_5536C10511G72_5536C10511G72_1_SubAssembly_1_31_5536C11007G41_5536C11007G41,PROC_制连接孔,制连接孔,Part_1_18_5536C10511G72_5536C10511G72_1;SubAssembly_1_31_5536C11007G41_5536C11007G41,5536C10511G72 5号肋;5536C11007G41 左侧3号夹芯板,38.657023582;5.862179067;0.056395775,钻具,connect_and_both_require_connection_hole,两端对象存在 connect，且两端都 requireProcess 制连接孔，因此生成制连接孔任务。
123,Task_制连接孔_Part_1_43_5536C14010G71_5536C14010G72_1_SubAssembly_1_32_5536C11008G41_5536C11008G41,制连接孔_Part_1_43_5536C14010G71_5536C14010G72_1_SubAssembly_1_32_5536C11008G41_5536C11008G41,PROC_制连接孔,制连接孔,Part_1_43_5536C14010G71_5536C14010G72_1;SubAssembly_1_32_5536C11008G41_5536C11008G41,5536C14010G71 5号连接带板;5536C11008G41 右侧3号夹芯板,38.921214056;6.110605112;-0.118383106,钻具,connect_and_both_require_connection_hole,两端对象存在 connect，且两端都 requireProcess 制连接孔，因此生成制连接孔任务。
124,Task_制连接孔_Part_1_42_5536C14009G71_5536C14009G72_1_SubAssembly_1_31_5536C11007G41_5536C11007G41,制连接孔_Part_1_42_5536C14009G71_5536C14009G72_1_SubAssembly_1_31_5536C11007G41_5536C11007G41,PROC_制连接孔,制连接孔,Part_1_42_5536C14009G71_5536C14009G72_1;SubAssembly_1_31_5536C11007G41_5536C11007G41,5536C14009G71 5号连接带板;5536C11007G41 左侧3号夹芯板,38.921214056;6.110605112;0.118383106,钻具,connect_and_both_require_connection_hole,两端对象存在 connect，且两端都 requireProcess 制连接孔，因此生成制连接孔任务。
125,Task_制连接孔_Part_1_21_5536C10603G71_5536C10603G71_1_Part_1_22_5536C10611G72_5536C10611G72_1,制连接孔_Part_1_21_5536C10603G71_5536C10603G71_1_Part_1_22_5536C10611G72_5536C10611G72_1,PROC_制连接孔,制连接孔,Part_1_21_5536C10603G71_5536C10603G71_1;Part_1_22_5536C10611G72_5536C10611G72_1,5536C10603G71 6号肋角材;5536C10611G72 6号肋,39.407126492;6.729302456;-1.439e-06,钻具,connect_and_both_require_connection_hole,两端对象存在 connect，且两端都 requireProcess 制连接孔，因此生成制连接孔任务。
126,Task_制连接孔_Part_1_22_5536C10611G72_5536C10611G72_1_Part_1_23_5536C10613G70_5536C10613G70_1,制连接孔_Part_1_22_5536C10611G72_5536C10611G72_1_Part_1_23_5536C10613G70_5536C10613G70_1,PROC_制连接孔,制连接孔,Part_1_22_5536C10611G72_5536C10611G72_1;Part_1_23_5536C10613G70_5536C10613G70_1,5536C10611G72 6号肋;5536C10613G70 角片,39.286615933;6.820983567;0.015553826,钻具,connect_and_both_require_connection_hole,两端对象存在 connect，且两端都 requireProcess 制连接孔，因此生成制连接孔任务。
127,Task_制连接孔_Part_1_22_5536C10611G72_5536C10611G72_1_Part_1_24_5536C10614G70_5536C10614G70_1,制连接孔_Part_1_22_5536C10611G72_5536C10611G72_1_Part_1_24_5536C10614G70_5536C10614G70_1,PROC_制连接孔,制连接孔,Part_1_22_5536C10611G72_5536C10611G72_1;Part_1_24_5536C10614G70_5536C10614G70_1,5536C10611G72 6号肋;5536C10614G70 角片,39.286615933;6.820983567;-0.015556704,钻具,connect_and_both_require_connection_hole,两端对象存在 connect，且两端都 requireProcess 制连接孔，因此生成制连接孔任务。
128,Task_制连接孔_Part_1_22_5536C10611G72_5536C10611G72_1_SubAssembly_1_32_5536C11008G41_5536C11008G41,制连接孔_Part_1_22_5536C10611G72_5536C10611G72_1_SubAssembly_1_32_5536C11008G41_5536C11008G41,PROC_制连接孔,制连接孔,Part_1_22_5536C10611G72_5536C10611G72_1;SubAssembly_1_32_5536C11008G41_5536C11008G41,5536C10611G72 6号肋;5536C11008G41 右侧3号夹芯板,39.082247118;6.42623018;-0.056399765,钻具,connect_and_both_require_connection_hole,两端对象存在 connect，且两端都 requireProcess 制连接孔，因此生成制连接孔任务。
129,Task_制连接孔_Part_1_22_5536C10611G72_5536C10611G72_1_SubAssembly_1_31_5536C11007G41_5536C11007G41,制连接孔_Part_1_22_5536C10611G72_5536C10611G72_1_SubAssembly_1_31_5536C11007G41_5536C11007G41,PROC_制连接孔,制连接孔,Part_1_22_5536C10611G72_5536C10611G72_1;SubAssembly_1_31_5536C11007G41_5536C11007G41,5536C10611G72 6号肋;5536C11007G41 左侧3号夹芯板,39.082247118;6.42623018;0.056396888,钻具,connect_and_both_require_connection_hole,两端对象存在 connect，且两端都 requireProcess 制连接孔，因此生成制连接孔任务。
130,Task_制连接孔_Part_1_45_5536C14012G71_5536C14012G71_1_SubAssembly_1_32_5536C11008G41_5536C11008G41,制连接孔_Part_1_45_5536C14012G71_5536C14012G71_1_SubAssembly_1_32_5536C11008G41_5536C11008G41,PROC_制连接孔,制连接孔,Part_1_45_5536C14012G71_5536C14012G71_1;SubAssembly_1_32_5536C11008G41_5536C11008G41,5536C14012G71 6号连接带板;5536C11008G41 右侧3号夹芯板,39.279501115;6.615367715;-0.102235976,钻具,connect_and_both_require_connection_hole,两端对象存在 connect，且两端都 requireProcess 制连接孔，因此生成制连接孔任务。
131,Task_制连接孔_Part_1_44_5536C14011G71_5536C14011G71_1_SubAssembly_1_31_5536C11007G41_5536C11007G41,制连接孔_Part_1_44_5536C14011G71_5536C14011G71_1_SubAssembly_1_31_5536C11007G41_5536C11007G41,PROC_制连接孔,制连接孔,Part_1_44_5536C14011G71_5536C14011G71_1;SubAssembly_1_31_5536C11007G41_5536C11007G41,5536C14011G71 6号连接带板;5536C11007G41 左侧3号夹芯板,39.279501115;6.615367715;0.102235976,钻具,connect_and_both_require_connection_hole,两端对象存在 connect，且两端都 requireProcess 制连接孔，因此生成制连接孔任务。
132,Task_安装紧固件_Part_1_2_5536C10101G71_5536C10101G71_1_SubAssembly_1_33_5536C12000G42_5536C12000G42_1,安装紧固件_Part_1_2_5536C10101G71_5536C10101G71_1_SubAssembly_1_33_5536C12000G42_5536C12000G42_1,PROC_安装紧固件,安装紧固件,Part_1_2_5536C10101G71_5536C10101G71_1;SubAssembly_1_33_5536C12000G42_5536C12000G42_1,5536C10101G71 1号肋;5536C12000G42 辅助梁组件,36.511823622;3.299726413;0.022108493,铆接工具,connect_and_both_require_fastener_install,两端对象存在 connect，且两端都 requireProcess 安装紧固件，因此生成紧固任务。
133,Task_安装紧固件_Part_1_4_5536C10105G71_5536C10105G71_1_SubAssembly_1_33_5536C12000G42_5536C12000G42_1,安装紧固件_Part_1_4_5536C10105G71_5536C10105G71_1_SubAssembly_1_33_5536C12000G42_5536C12000G42_1,PROC_安装紧固件,安装紧固件,Part_1_4_5536C10105G71_5536C10105G71_1;SubAssembly_1_33_5536C12000G42_5536C12000G42_1,5536C10105G71 1号肋;5536C12000G42 辅助梁组件,36.527105467;3.301860876;-0.102756501,铆接工具,connect_and_both_require_fastener_install,两端对象存在 connect，且两端都 requireProcess 安装紧固件，因此生成紧固任务。
134,Task_安装紧固件_Part_1_6_5536C10211G71_5536C10211G71_1_SubAssembly_1_33_5536C12000G42_5536C12000G42_1,安装紧固件_Part_1_6_5536C10211G71_5536C10211G71_1_SubAssembly_1_33_5536C12000G42_5536C12000G42_1,PROC_安装紧固件,安装紧固件,Part_1_6_5536C10211G71_5536C10211G71_1;SubAssembly_1_33_5536C12000G42_5536C12000G42_1,5536C10211G71 2号肋;5536C12000G42 辅助梁组件,36.740220882;3.524735726;-0.002652678,铆接工具,connect_and_both_require_fastener_install,两端对象存在 connect，且两端都 requireProcess 安装紧固件，因此生成紧固任务。
135,Task_安装紧固件_Part_1_8_5536C10214G70_5536C10214G70_1_SubAssembly_1_33_5536C12000G42_5536C12000G42_1,安装紧固件_Part_1_8_5536C10214G70_5536C10214G70_1_SubAssembly_1_33_5536C12000G42_5536C12000G42_1,PROC_安装紧固件,安装紧固件,Part_1_8_5536C10214G70_5536C10214G70_1;SubAssembly_1_33_5536C12000G42_5536C12000G42_1,5536C10214G70 2号肋缘条;5536C12000G42 辅助梁组件,36.742290468;3.530835809;-0.101709147,铆接工具,connect_and_both_require_fastener_install,两端对象存在 connect，且两端都 requireProcess 安装紧固件，因此生成紧固任务。
136,Task_安装紧固件_Part_1_7_5536C10213G70_5536C10213G70_1_SubAssembly_1_33_5536C12000G42_5536C12000G42_1,安装紧固件_Part_1_7_5536C10213G70_5536C10213G70_1_SubAssembly_1_33_5536C12000G42_5536C12000G42_1,PROC_安装紧固件,安装紧固件,Part_1_7_5536C10213G70_5536C10213G70_1;SubAssembly_1_33_5536C12000G42_5536C12000G42_1,5536C10213G70 2号肋缘条;5536C12000G42 辅助梁组件,36.742290468;3.530835809;0.101735964,铆接工具,connect_and_both_require_fastener_install,两端对象存在 connect，且两端都 requireProcess 安装紧固件，因此生成紧固任务。
137,Task_安装紧固件_Part_1_10_5536C10311G72_5536C10311G72_1_SubAssembly_1_33_5536C12000G42_5536C12000G42_1,安装紧固件_Part_1_10_5536C10311G72_5536C10311G72_1_SubAssembly_1_33_5536C12000G42_5536C12000G42_1,PROC_安装紧固件,安装紧固件,Part_1_10_5536C10311G72_5536C10311G72_1;SubAssembly_1_33_5536C12000G42_5536C12000G42_1,5536C10311G72 3号肋;5536C12000G42 辅助梁组件,37.184251727;4.100937668;-0.000510582,铆接工具,connect_and_both_require_fastener_install,两端对象存在 connect，且两端都 requireProcess 安装紧固件，因此生成紧固任务。
138,Task_安装紧固件_Part_1_11_5536C10313G70_5536C10313G70_1_SubAssembly_1_33_5536C12000G42_5536C12000G42_1,安装紧固件_Part_1_11_5536C10313G70_5536C10313G70_1_SubAssembly_1_33_5536C12000G42_5536C12000G42_1,PROC_安装紧固件,安装紧固件,Part_1_11_5536C10313G70_5536C10313G70_1;SubAssembly_1_33_5536C12000G42_5536C12000G42_1,5536C10313G70 角片;5536C12000G42 辅助梁组件,37.063675819;4.188581611;0.047932073,铆接工具,connect_and_both_require_fastener_install,两端对象存在 connect，且两端都 requireProcess 安装紧固件，因此生成紧固任务。
139,Task_安装紧固件_Part_1_12_5536C10314G70_5536C10314G70_1_SubAssembly_1_33_5536C12000G42_5536C12000G42_1,安装紧固件_Part_1_12_5536C10314G70_5536C10314G70_1_SubAssembly_1_33_5536C12000G42_5536C12000G42_1,PROC_安装紧固件,安装紧固件,Part_1_12_5536C10314G70_5536C10314G70_1;SubAssembly_1_33_5536C12000G42_5536C12000G42_1,5536C10314G70 角片;5536C12000G42 辅助梁组件,37.063675819;4.188581611;-0.047905257,铆接工具,connect_and_both_require_fastener_install,两端对象存在 connect，且两端都 requireProcess 安装紧固件，因此生成紧固任务。
140,Task_安装紧固件_Part_1_14_5536C10411G72_5536C10411G72_1_SubAssembly_1_33_5536C12000G42_5536C12000G42_1,安装紧固件_Part_1_14_5536C10411G72_5536C10411G72_1_SubAssembly_1_33_5536C12000G42_5536C12000G42_1,PROC_安装紧固件,安装紧固件,Part_1_14_5536C10411G72_5536C10411G72_1;SubAssembly_1_33_5536C12000G42_5536C12000G42_1,5536C10411G72 4号肋;5536C12000G42 辅助梁组件,37.599843037;4.661151543;-0.000237351,铆接工具,connect_and_both_require_fastener_install,两端对象存在 connect，且两端都 requireProcess 安装紧固件，因此生成紧固任务。
141,Task_安装紧固件_Part_1_16_5536C10414G72_5536C10414G72_1_SubAssembly_1_33_5536C12000G42_5536C12000G42_1,安装紧固件_Part_1_16_5536C10414G72_5536C10414G72_1_SubAssembly_1_33_5536C12000G42_5536C12000G42_1,PROC_安装紧固件,安装紧固件,Part_1_16_5536C10414G72_5536C10414G72_1;SubAssembly_1_33_5536C12000G42_5536C12000G42_1,5536C10414G72 4号肋缘条;5536C12000G42 辅助梁组件,37.60127801;4.668564586;-0.069845753,铆接工具,connect_and_both_require_fastener_install,两端对象存在 connect，且两端都 requireProcess 安装紧固件，因此生成紧固任务。
142,Task_安装紧固件_Part_1_15_5536C10413G72_5536C10413G72_1_SubAssembly_1_33_5536C12000G42_5536C12000G42_1,安装紧固件_Part_1_15_5536C10413G72_5536C10413G72_1_SubAssembly_1_33_5536C12000G42_5536C12000G42_1,PROC_安装紧固件,安装紧固件,Part_1_15_5536C10413G72_5536C10413G72_1;SubAssembly_1_33_5536C12000G42_5536C12000G42_1,5536C10413G72 4号肋缘条;5536C12000G42 辅助梁组件,37.60127801;4.668564586;0.069872569,铆接工具,connect_and_both_require_fastener_install,两端对象存在 connect，且两端都 requireProcess 安装紧固件，因此生成紧固任务。
143,Task_安装紧固件_Part_1_18_5536C10511G72_5536C10511G72_1_SubAssembly_1_33_5536C12000G42_5536C12000G42_1,安装紧固件_Part_1_18_5536C10511G72_5536C10511G72_1_SubAssembly_1_33_5536C12000G42_5536C12000G42_1,PROC_安装紧固件,安装紧固件,Part_1_18_5536C10511G72_5536C10511G72_1;SubAssembly_1_33_5536C12000G42_5536C12000G42_1,5536C10511G72 5号肋;5536C12000G42 辅助梁组件,37.915763775;5.075780421;1.0857e-05,铆接工具,connect_and_both_require_fastener_install,两端对象存在 connect，且两端都 requireProcess 安装紧固件，因此生成紧固任务。
144,Task_安装紧固件_Part_1_19_5536C10513G70_5536C10513G70_1_SubAssembly_1_33_5536C12000G42_5536C12000G42_1,安装紧固件_Part_1_19_5536C10513G70_5536C10513G70_1_SubAssembly_1_33_5536C12000G42_5536C12000G42_1,PROC_安装紧固件,安装紧固件,Part_1_19_5536C10513G70_5536C10513G70_1;SubAssembly_1_33_5536C12000G42_5536C12000G42_1,5536C10513G70 角片;5536C12000G42 辅助梁组件,37.828404895;5.141475515;0.028003995,铆接工具,connect_and_both_require_fastener_install,两端对象存在 connect，且两端都 requireProcess 安装紧固件，因此生成紧固任务。
145,Task_安装紧固件_Part_1_20_5536C10514G70_5536C10514G70_1_SubAssembly_1_33_5536C12000G42_5536C12000G42_1,安装紧固件_Part_1_20_5536C10514G70_5536C10514G70_1_SubAssembly_1_33_5536C12000G42_5536C12000G42_1,PROC_安装紧固件,安装紧固件,Part_1_20_5536C10514G70_5536C10514G70_1;SubAssembly_1_33_5536C12000G42_5536C12000G42_1,5536C10514G70 角片;5536C12000G42 辅助梁组件,37.828404895;5.141475515;-0.027977178,铆接工具,connect_and_both_require_fastener_install,两端对象存在 connect，且两端都 requireProcess 安装紧固件，因此生成紧固任务。
146,Task_安装紧固件_Part_1_22_5536C10611G72_5536C10611G72_1_SubAssembly_1_33_5536C12000G42_5536C12000G42_1,安装紧固件_Part_1_22_5536C10611G72_5536C10611G72_1_SubAssembly_1_33_5536C12000G42_5536C12000G42_1,PROC_安装紧固件,安装紧固件,Part_1_22_5536C10611G72_5536C10611G72_1;SubAssembly_1_33_5536C12000G42_5536C12000G42_1,5536C10611G72 6号肋;5536C12000G42 辅助梁组件,38.340987311;5.639831534;1.1969e-05,铆接工具,connect_and_both_require_fastener_install,两端对象存在 connect，且两端都 requireProcess 安装紧固件，因此生成紧固任务。
147,Task_安装紧固件_Part_1_23_5536C10613G70_5536C10613G70_1_SubAssembly_1_33_5536C12000G42_5536C12000G42_1,安装紧固件_Part_1_23_5536C10613G70_5536C10613G70_1_SubAssembly_1_33_5536C12000G42_5536C12000G42_1,PROC_安装紧固件,安装紧固件,Part_1_23_5536C10613G70_5536C10613G70_1;SubAssembly_1_33_5536C12000G42_5536C12000G42_1,5536C10613G70 角片;5536C12000G42 辅助梁组件,38.271461193;5.69363488;0.015568674,铆接工具,connect_and_both_require_fastener_install,两端对象存在 connect，且两端都 requireProcess 安装紧固件，因此生成紧固任务。
148,Task_安装紧固件_Part_1_24_5536C10614G70_5536C10614G70_1_SubAssembly_1_33_5536C12000G42_5536C12000G42_1,安装紧固件_Part_1_24_5536C10614G70_5536C10614G70_1_SubAssembly_1_33_5536C12000G42_5536C12000G42_1,PROC_安装紧固件,安装紧固件,Part_1_24_5536C10614G70_5536C10614G70_1;SubAssembly_1_33_5536C12000G42_5536C12000G42_1,5536C10614G70 角片;5536C12000G42 辅助梁组件,38.271461193;5.69363488;-0.015541857,铆接工具,connect_and_both_require_fastener_install,两端对象存在 connect，且两端都 requireProcess 安装紧固件，因此生成紧固任务。
149,Task_安装紧固件_SubAssembly_1_32_5536C11008G41_5536C11008G41_SubAssembly_1_33_5536C12000G42_5536C12000G42_1,安装紧固件_SubAssembly_1_32_5536C11008G41_5536C11008G41_SubAssembly_1_33_5536C12000G42_5536C12000G42_1,PROC_安装紧固件,安装紧固件,SubAssembly_1_32_5536C11008G41_5536C11008G41;SubAssembly_1_33_5536C12000G42_5536C12000G42_1,5536C11008G41 右侧3号夹芯板;5536C12000G42 辅助梁组件,38.067092379;5.298881494;-0.056384918,铆接工具,connect_and_both_require_fastener_install,两端对象存在 connect，且两端都 requireProcess 安装紧固件，因此生成紧固任务。
150,Task_安装紧固件_SubAssembly_1_31_5536C11007G41_5536C11007G41_SubAssembly_1_33_5536C12000G42_5536C12000G42_1,安装紧固件_SubAssembly_1_31_5536C11007G41_5536C11007G41_SubAssembly_1_33_5536C12000G42_5536C12000G42_1,PROC_安装紧固件,安装紧固件,SubAssembly_1_31_5536C11007G41_5536C11007G41;SubAssembly_1_33_5536C12000G42_5536C12000G42_1,5536C11007G41 左侧3号夹芯板;5536C12000G42 辅助梁组件,38.067092379;5.298881494;0.056411735,铆接工具,connect_and_both_require_fastener_install,两端对象存在 connect，且两端都 requireProcess 安装紧固件，因此生成紧固任务。
151,Task_安装紧固件_SubAssembly_1_30_5536C11006G41_5536C11006G41_SubAssembly_1_33_5536C12000G42_5536C12000G42_1,安装紧固件_SubAssembly_1_30_5536C11006G41_5536C11006G41_SubAssembly_1_33_5536C12000G42_5536C12000G42_1,PROC_安装紧固件,安装紧固件,SubAssembly_1_30_5536C11006G41_5536C11006G41;SubAssembly_1_33_5536C12000G42_5536C12000G42_1,5536C11006G41 右侧2号夹芯板;5536C12000G42 辅助梁组件,37.141103452;4.073641568;-0.090987303,铆接工具,connect_and_both_require_fastener_install,两端对象存在 connect，且两端都 requireProcess 安装紧固件，因此生成紧固任务。
152,Task_安装紧固件_SubAssembly_1_29_5536C11005G41_5536C11005G41_SubAssembly_1_33_5536C12000G42_5536C12000G42_1,安装紧固件_SubAssembly_1_29_5536C11005G41_5536C11005G41_SubAssembly_1_33_5536C12000G42_5536C12000G42_1,PROC_安装紧固件,安装紧固件,SubAssembly_1_29_5536C11005G41_5536C11005G41;SubAssembly_1_33_5536C12000G42_5536C12000G42_1,5536C11005G41 左侧2号夹芯板;5536C12000G42 辅助梁组件,37.141103452;4.073641568;0.09101412,铆接工具,connect_and_both_require_fastener_install,两端对象存在 connect，且两端都 requireProcess 安装紧固件，因此生成紧固任务。
153,Task_安装紧固件_SubAssembly_1_28_5536C11004G41_5536C11004G41_SubAssembly_1_33_5536C12000G42_5536C12000G42_1,安装紧固件_SubAssembly_1_28_5536C11004G41_5536C11004G41_SubAssembly_1_33_5536C12000G42_5536C12000G42_1,PROC_安装紧固件,安装紧固件,SubAssembly_1_28_5536C11004G41_5536C11004G41;SubAssembly_1_33_5536C12000G42_5536C12000G42_1,5536C11004G41 右侧1号夹芯板;5536C12000G42 辅助梁组件,36.610506052;3.424096583;-0.104790298,铆接工具,connect_and_both_require_fastener_install,两端对象存在 connect，且两端都 requireProcess 安装紧固件，因此生成紧固任务。
154,Task_安装紧固件_SubAssembly_1_27_5536C11003G41_5536C11003G41_SubAssembly_1_33_5536C12000G42_5536C12000G42_1,安装紧固件_SubAssembly_1_27_5536C11003G41_5536C11003G41_SubAssembly_1_33_5536C12000G42_5536C12000G42_1,PROC_安装紧固件,安装紧固件,SubAssembly_1_27_5536C11003G41_5536C11003G41;SubAssembly_1_33_5536C12000G42_5536C12000G42_1,5536C11003G41 左侧1号夹芯板;5536C12000G42 辅助梁组件,36.610506052;3.424096583;0.104817114,铆接工具,connect_and_both_require_fastener_install,两端对象存在 connect，且两端都 requireProcess 安装紧固件，因此生成紧固任务。
155,Task_安装紧固件_Part_1_2_5536C10101G71_5536C10101G71_1_Part_1_4_5536C10105G71_5536C10105G71_1,安装紧固件_Part_1_2_5536C10101G71_5536C10101G71_1_Part_1_4_5536C10105G71_5536C10105G71_1,PROC_安装紧固件,安装紧固件,Part_1_2_5536C10101G71_5536C10101G71_1;Part_1_4_5536C10105G71_5536C10105G71_1,5536C10101G71 1号肋;5536C10105G71 1号肋,35.713096516;2.089104441;-0.080674825,铆接工具,connect_and_both_require_fastener_install,两端对象存在 connect，且两端都 requireProcess 安装紧固件，因此生成紧固任务。
156,Task_安装紧固件_Part_1_2_5536C10101G71_5536C10101G71_1_Part_1_3_5536C10103G71_5536C10103G71_1,安装紧固件_Part_1_2_5536C10101G71_5536C10101G71_1_Part_1_3_5536C10103G71_5536C10103G71_1,PROC_安装紧固件,安装紧固件,Part_1_2_5536C10101G71_5536C10101G71_1;Part_1_3_5536C10103G71_5536C10103G71_1,5536C10101G71 1号肋;5536C10103G71 1号肋角材,35.954420881;2.099370424;0.028345085,铆接工具,connect_and_both_require_fastener_install,两端对象存在 connect，且两端都 requireProcess 安装紧固件，因此生成紧固任务。
157,Task_安装紧固件_Part_1_2_5536C10101G71_5536C10101G71_1_SubAssembly_1_27_5536C11003G41_5536C11003G41,安装紧固件_Part_1_2_5536C10101G71_5536C10101G71_1_SubAssembly_1_27_5536C11003G41_5536C11003G41,PROC_安装紧固件,安装紧固件,Part_1_2_5536C10101G71_5536C10101G71_1;SubAssembly_1_27_5536C11003G41_5536C11003G41,5536C10101G71 1号肋;5536C11003G41 左侧1号夹芯板,35.796497102;2.211340148;0.126898791,铆接工具,connect_and_both_require_fastener_install,两端对象存在 connect，且两端都 requireProcess 安装紧固件，因此生成紧固任务。
158,Task_安装紧固件_Part_1_2_5536C10101G71_5536C10101G71_1_SubAssembly_1_26_5536C11002G41_5536C11002G41_1,安装紧固件_Part_1_2_5536C10101G71_5536C10101G71_1_SubAssembly_1_26_5536C11002G41_5536C11002G41_1,PROC_安装紧固件,安装紧固件,Part_1_2_5536C10101G71_5536C10101G71_1;SubAssembly_1_26_5536C11002G41_5536C11002G41_1,5536C10101G71 1号肋;5536C11002G41 右侧下封面板,35.645042248;2.03901128;-0.081313344,铆接工具,connect_and_both_require_fastener_install,两端对象存在 connect，且两端都 requireProcess 安装紧固件，因此生成紧固任务。
159,Task_安装紧固件_Part_1_2_5536C10101G71_5536C10101G71_1_SubAssembly_1_25_5536C11001G41_5536C11001G41_1,安装紧固件_Part_1_2_5536C10101G71_5536C10101G71_1_SubAssembly_1_25_5536C11001G41_5536C11001G41_1,PROC_安装紧固件,安装紧固件,Part_1_2_5536C10101G71_5536C10101G71_1;SubAssembly_1_25_5536C11001G41_5536C11001G41_1,5536C10101G71 1号肋;5536C11001G41 左侧下封面板,35.645036699;2.039012372;0.125503381,铆接工具,connect_and_both_require_fastener_install,两端对象存在 connect，且两端都 requireProcess 安装紧固件，因此生成紧固任务。
160,Task_安装紧固件_Part_1_4_5536C10105G71_5536C10105G71_1_SubAssembly_1_28_5536C11004G41_5536C11004G41,安装紧固件_Part_1_4_5536C10105G71_5536C10105G71_1_SubAssembly_1_28_5536C11004G41_5536C11004G41,PROC_安装紧固件,安装紧固件,Part_1_4_5536C10105G71_5536C10105G71_1;SubAssembly_1_28_5536C11004G41_5536C11004G41,5536C10105G71 1号肋;5536C11004G41 右侧1号夹芯板,35.811778947;2.213474612;-0.207573616,铆接工具,connect_and_both_require_fastener_install,两端对象存在 connect，且两端都 requireProcess 安装紧固件，因此生成紧固任务。
161,Task_安装紧固件_Part_1_4_5536C10105G71_5536C10105G71_1_SubAssembly_1_26_5536C11002G41_5536C11002G41_1,安装紧固件_Part_1_4_5536C10105G71_5536C10105G71_1_SubAssembly_1_26_5536C11002G41_5536C11002G41_1,PROC_安装紧固件,安装紧固件,Part_1_4_5536C10105G71_5536C10105G71_1;SubAssembly_1_26_5536C11002G41_5536C11002G41_1,5536C10105G71 1号肋;5536C11002G41 右侧下封面板,35.660324093;2.041145743;-0.206178338,铆接工具,connect_and_both_require_fastener_install,两端对象存在 connect，且两端都 requireProcess 安装紧固件，因此生成紧固任务。
162,Task_安装紧固件_Part_1_5_5536C10203G71_5536C10203G71_1_Part_1_6_5536C10211G71_5536C10211G71_1,安装紧固件_Part_1_5_5536C10203G71_5536C10203G71_1_Part_1_6_5536C10211G71_5536C10211G71_1,PROC_安装紧固件,安装紧固件,Part_1_5_5536C10203G71_5536C10203G71_1;Part_1_6_5536C10211G71_5536C10211G71_1,5536C10203G71 2号肋角材;5536C10211G71 2号肋,36.271738528;2.451251207;-0.002666087,铆接工具,connect_and_both_require_fastener_install,两端对象存在 connect，且两端都 requireProcess 安装紧固件，因此生成紧固任务。
163,Task_安装紧固件_Part_1_6_5536C10211G71_5536C10211G71_1_Part_1_8_5536C10214G70_5536C10214G70_1,安装紧固件_Part_1_6_5536C10211G71_5536C10211G71_1_Part_1_8_5536C10214G70_5536C10214G70_1,PROC_安装紧固件,安装紧固件,Part_1_6_5536C10211G71_5536C10211G71_1;Part_1_8_5536C10214G70_5536C10214G70_1,5536C10211G71 2号肋;5536C10214G70 2号肋缘条,36.156678779;2.543088688;-0.104388642,铆接工具,connect_and_both_require_fastener_install,两端对象存在 connect，且两端都 requireProcess 安装紧固件，因此生成紧固任务。
164,Task_安装紧固件_Part_1_6_5536C10211G71_5536C10211G71_1_Part_1_7_5536C10213G70_5536C10213G70_1,安装紧固件_Part_1_6_5536C10211G71_5536C10211G71_1_Part_1_7_5536C10213G70_5536C10213G70_1,PROC_安装紧固件,安装紧固件,Part_1_6_5536C10211G71_5536C10211G71_1;Part_1_7_5536C10213G70_5536C10213G70_1,5536C10211G71 2号肋;5536C10213G70 2号肋缘条,36.156678779;2.543088688;0.099056469,铆接工具,connect_and_both_require_fastener_install,两端对象存在 connect，且两端都 requireProcess 安装紧固件，因此生成紧固任务。
165,Task_安装紧固件_Part_1_6_5536C10211G71_5536C10211G71_1_SubAssembly_1_28_5536C11004G41_5536C11004G41,安装紧固件_Part_1_6_5536C10211G71_5536C10211G71_1_SubAssembly_1_28_5536C11004G41_5536C11004G41,PROC_安装紧固件,安装紧固件,Part_1_6_5536C10211G71_5536C10211G71_1;SubAssembly_1_28_5536C11004G41_5536C11004G41,5536C10211G71 2号肋;5536C11004G41 右侧1号夹芯板,36.024894363;2.436349462;-0.107469793,铆接工具,connect_and_both_require_fastener_install,两端对象存在 connect，且两端都 requireProcess 安装紧固件，因此生成紧固任务。
166,Task_安装紧固件_Part_1_6_5536C10211G71_5536C10211G71_1_SubAssembly_1_27_5536C11003G41_5536C11003G41,安装紧固件_Part_1_6_5536C10211G71_5536C10211G71_1_SubAssembly_1_27_5536C11003G41_5536C11003G41,PROC_安装紧固件,安装紧固件,Part_1_6_5536C10211G71_5536C10211G71_1;SubAssembly_1_27_5536C11003G41_5536C11003G41,5536C10211G71 2号肋;5536C11003G41 左侧1号夹芯板,36.024894363;2.436349462;0.102137619,铆接工具,connect_and_both_require_fastener_install,两端对象存在 connect，且两端都 requireProcess 安装紧固件，因此生成紧固任务。
167,Task_安装紧固件_Part_1_34_5536C14001G71_5536C14001G70_1_SubAssembly_1_27_5536C11003G41_5536C11003G41,安装紧固件_Part_1_34_5536C14001G71_5536C14001G70_1_SubAssembly_1_27_5536C11003G41_5536C11003G41,PROC_安装紧固件,安装紧固件,Part_1_34_5536C14001G71_5536C14001G70_1;SubAssembly_1_27_5536C11003G41_5536C11003G41,5536C14001G71 1号连接带板;5536C11003G41 左侧1号夹芯板,36.054323824;2.297084079;0.229590986,铆接工具,connect_and_both_require_fastener_install,两端对象存在 connect，且两端都 requireProcess 安装紧固件，因此生成紧固任务。
168,Task_安装紧固件_Part_1_35_5536C14002G71_5536C14002G70_1_SubAssembly_1_28_5536C11004G41_5536C11004G41,安装紧固件_Part_1_35_5536C14002G71_5536C14002G70_1_SubAssembly_1_28_5536C11004G41_5536C11004G41,PROC_安装紧固件,安装紧固件,Part_1_35_5536C14002G71_5536C14002G70_1;SubAssembly_1_28_5536C11004G41_5536C11004G41,5536C14002G71 1号连接带板;5536C11004G41 右侧1号夹芯板,36.054323824;2.297084079;-0.229590986,铆接工具,connect_and_both_require_fastener_install,两端对象存在 connect，且两端都 requireProcess 安装紧固件，因此生成紧固任务。
169,Task_安装紧固件_Part_1_8_5536C10214G70_5536C10214G70_1_SubAssembly_1_30_5536C11006G41_5536C11006G41,安装紧固件_Part_1_8_5536C10214G70_5536C10214G70_1_SubAssembly_1_30_5536C11006G41_5536C11006G41,PROC_安装紧固件,安装紧固件,Part_1_8_5536C10214G70_5536C10214G70_1;SubAssembly_1_30_5536C11006G41_5536C11006G41,5536C10214G70 2号肋缘条;5536C11006G41 右侧2号夹芯板,36.557561349;3.09199453;-0.192723267,铆接工具,connect_and_both_require_fastener_install,两端对象存在 connect，且两端都 requireProcess 安装紧固件，因此生成紧固任务。
170,Task_安装紧固件_Part_1_7_5536C10213G70_5536C10213G70_1_SubAssembly_1_29_5536C11005G41_5536C11005G41,安装紧固件_Part_1_7_5536C10213G70_5536C10213G70_1_SubAssembly_1_29_5536C11005G41_5536C11005G41,PROC_安装紧固件,安装紧固件,Part_1_7_5536C10213G70_5536C10213G70_1;SubAssembly_1_29_5536C11005G41_5536C11005G41,5536C10213G70 2号肋缘条;5536C11005G41 左侧2号夹芯板,36.557561349;3.09199453;0.192723267,铆接工具,connect_and_both_require_fastener_install,两端对象存在 connect，且两端都 requireProcess 安装紧固件，因此生成紧固任务。
171,Task_安装紧固件_Part_1_37_5536C14004G71_5536C14004G70_1_SubAssembly_1_30_5536C11006G41_5536C11006G41,安装紧固件_Part_1_37_5536C14004G71_5536C14004G70_1_SubAssembly_1_30_5536C11006G41_5536C11006G41,PROC_安装紧固件,安装紧固件,Part_1_37_5536C14004G71_5536C14004G70_1;SubAssembly_1_30_5536C11006G41_5536C11006G41,5536C14004G71 2号连接带板;5536C11006G41 右侧2号夹芯板,36.868259931;3.303324869;-0.204421779,铆接工具,connect_and_both_require_fastener_install,两端对象存在 connect，且两端都 requireProcess 安装紧固件，因此生成紧固任务。
172,Task_安装紧固件_Part_1_36_5536C14003G71_5536C14003G70_1_SubAssembly_1_29_5536C11005G41_5536C11005G41,安装紧固件_Part_1_36_5536C14003G71_5536C14003G70_1_SubAssembly_1_29_5536C11005G41_5536C11005G41,PROC_安装紧固件,安装紧固件,Part_1_36_5536C14003G71_5536C14003G70_1;SubAssembly_1_29_5536C11005G41_5536C11005G41,5536C14003G71 2号连接带板;5536C11005G41 左侧2号夹芯板,36.868259931;3.303324869;0.204421779,铆接工具,connect_and_both_require_fastener_install,两端对象存在 connect，且两端都 requireProcess 安装紧固件，因此生成紧固任务。
173,Task_安装紧固件_Part_1_10_5536C10311G72_5536C10311G72_1_Part_1_9_5536C10303G71_5536C10303G71_1,安装紧固件_Part_1_10_5536C10311G72_5536C10311G72_1_Part_1_9_5536C10303G71_5536C10303G71_1,PROC_安装紧固件,安装紧固件,Part_1_10_5536C10311G72_5536C10311G72_1;Part_1_9_5536C10303G71_5536C10303G71_1,5536C10311G72 3号肋;5536C10303G71 3号肋角材,37.136515215;3.621089155;-0.00052399,铆接工具,connect_and_both_require_fastener_install,两端对象存在 connect，且两端都 requireProcess 安装紧固件，因此生成紧固任务。
174,Task_安装紧固件_Part_1_10_5536C10311G72_5536C10311G72_1_Part_1_11_5536C10313G70_5536C10313G70_1,安装紧固件_Part_1_10_5536C10311G72_5536C10311G72_1_Part_1_11_5536C10313G70_5536C10313G70_1,PROC_安装紧固件,安装紧固件,Part_1_10_5536C10311G72_5536C10311G72_1;Part_1_11_5536C10313G70_5536C10313G70_1,5536C10311G72 3号肋;5536C10313G70 角片,36.922094975;3.777036431;0.047394675,铆接工具,connect_and_both_require_fastener_install,两端对象存在 connect，且两端都 requireProcess 安装紧固件，因此生成紧固任务。
175,Task_安装紧固件_Part_1_10_5536C10311G72_5536C10311G72_1_Part_1_12_5536C10314G70_5536C10314G70_1,安装紧固件_Part_1_10_5536C10311G72_5536C10311G72_1_Part_1_12_5536C10314G70_5536C10314G70_1,PROC_安装紧固件,安装紧固件,Part_1_10_5536C10311G72_5536C10311G72_1;Part_1_12_5536C10314G70_5536C10314G70_1,5536C10311G72 3号肋;5536C10314G70 角片,36.922094975;3.777036431;-0.048442655,铆接工具,connect_and_both_require_fastener_install,两端对象存在 connect，且两端都 requireProcess 安装紧固件，因此生成紧固任务。
176,Task_安装紧固件_Part_1_10_5536C10311G72_5536C10311G72_1_SubAssembly_1_30_5536C11006G41_5536C11006G41,安装紧固件_Part_1_10_5536C10311G72_5536C10311G72_1_SubAssembly_1_30_5536C11006G41_5536C11006G41,PROC_安装紧固件,安装紧固件,Part_1_10_5536C10311G72_5536C10311G72_1;SubAssembly_1_30_5536C11006G41_5536C11006G41,5536C10311G72 3号肋;5536C11006G41 右侧2号夹芯板,36.999522608;3.662096389;-0.091524702,铆接工具,connect_and_both_require_fastener_install,两端对象存在 connect，且两端都 requireProcess 安装紧固件，因此生成紧固任务。
177,Task_安装紧固件_Part_1_10_5536C10311G72_5536C10311G72_1_SubAssembly_1_29_5536C11005G41_5536C11005G41,安装紧固件_Part_1_10_5536C10311G72_5536C10311G72_1_SubAssembly_1_29_5536C11005G41_5536C11005G41,PROC_安装紧固件,安装紧固件,Part_1_10_5536C10311G72_5536C10311G72_1;SubAssembly_1_29_5536C11005G41_5536C11005G41,5536C10311G72 3号肋;5536C11005G41 左侧2号夹芯板,36.999522608;3.662096389;0.090476722,铆接工具,connect_and_both_require_fastener_install,两端对象存在 connect，且两端都 requireProcess 安装紧固件，因此生成紧固任务。
178,Task_安装紧固件_Part_1_39_5536C14006G71_5536C14006G71_1_SubAssembly_1_30_5536C11006G41_5536C11006G41,安装紧固件_Part_1_39_5536C14006G71_5536C14006G71_1_SubAssembly_1_30_5536C11006G41_5536C11006G41,PROC_安装紧固件,安装紧固件,Part_1_39_5536C14006G71_5536C14006G71_1;SubAssembly_1_30_5536C11006G41_5536C11006G41,5536C14006G71 3号连接带板;5536C11006G41 右侧2号夹芯板,37.280209275;3.878635571;-0.185932075,铆接工具,connect_and_both_require_fastener_install,两端对象存在 connect，且两端都 requireProcess 安装紧固件，因此生成紧固任务。
179,Task_安装紧固件_Part_1_38_5536C14005G71_5536C14005G71_1_SubAssembly_1_29_5536C11005G41_5536C11005G41,安装紧固件_Part_1_38_5536C14005G71_5536C14005G71_1_SubAssembly_1_29_5536C11005G41_5536C11005G41,PROC_安装紧固件,安装紧固件,Part_1_38_5536C14005G71_5536C14005G71_1;SubAssembly_1_29_5536C11005G41_5536C11005G41,5536C14005G71 3号连接带板;5536C11005G41 左侧2号夹芯板,37.280209275;3.878635571;0.185932075,铆接工具,connect_and_both_require_fastener_install,两端对象存在 connect，且两端都 requireProcess 安装紧固件，因此生成紧固任务。
180,Task_安装紧固件_Part_1_13_5536C10403G71_5536C10403G71_1_Part_1_14_5536C10411G72_5536C10411G72_1,安装紧固件_Part_1_13_5536C10403G71_5536C10403G71_1_Part_1_14_5536C10411G72_5536C10411G72_1,PROC_安装紧固件,安装紧固件,Part_1_13_5536C10403G71_5536C10403G71_1;Part_1_14_5536C10411G72_5536C10411G72_1,5536C10403G71 4号肋角材;5536C10411G72 4号肋,37.955662888;4.749741594;-0.000250759,铆接工具,connect_and_both_require_fastener_install,两端对象存在 connect，且两端都 requireProcess 安装紧固件，因此生成紧固任务。
181,Task_安装紧固件_Part_1_14_5536C10411G72_5536C10411G72_1_Part_1_16_5536C10414G72_5536C10414G72_1,安装紧固件_Part_1_14_5536C10411G72_5536C10411G72_1_Part_1_16_5536C10414G72_5536C10414G72_1,PROC_安装紧固件,安装紧固件,Part_1_14_5536C10411G72_5536C10411G72_1;Part_1_16_5536C10414G72_5536C10414G72_1,5536C10411G72 4号肋;5536C10414G72 4号肋缘条,37.875288475;4.817233282;-0.07010992,铆接工具,connect_and_both_require_fastener_install,两端对象存在 connect，且两端都 requireProcess 安装紧固件，因此生成紧固任务。
182,Task_安装紧固件_Part_1_14_5536C10411G72_5536C10411G72_1_Part_1_15_5536C10413G72_5536C10413G72_1,安装紧固件_Part_1_14_5536C10411G72_5536C10411G72_1_Part_1_15_5536C10413G72_5536C10413G72_1,PROC_安装紧固件,安装紧固件,Part_1_14_5536C10411G72_5536C10411G72_1;Part_1_15_5536C10413G72_5536C10413G72_1,5536C10411G72 4号肋;5536C10413G72 4号肋缘条,37.875288475;4.817233282;0.069608402,铆接工具,connect_and_both_require_fastener_install,两端对象存在 connect，且两端都 requireProcess 安装紧固件，因此生成紧固任务。
183,Task_安装紧固件_Part_1_14_5536C10411G72_5536C10411G72_1_SubAssembly_1_30_5536C11006G41_5536C11006G41,安装紧固件_Part_1_14_5536C10411G72_5536C10411G72_1_SubAssembly_1_30_5536C11006G41_5536C11006G41,PROC_安装紧固件,安装紧固件,Part_1_14_5536C10411G72_5536C10411G72_1;SubAssembly_1_30_5536C11006G41_5536C11006G41,5536C10411G72 4号肋;5536C11006G41 右侧2号夹芯板,37.415113917;4.222310264;-0.09125147,铆接工具,connect_and_both_require_fastener_install,两端对象存在 connect，且两端都 requireProcess 安装紧固件，因此生成紧固任务。
184,Task_安装紧固件_Part_1_14_5536C10411G72_5536C10411G72_1_SubAssembly_1_29_5536C11005G41_5536C11005G41,安装紧固件_Part_1_14_5536C10411G72_5536C10411G72_1_SubAssembly_1_29_5536C11005G41_5536C11005G41,PROC_安装紧固件,安装紧固件,Part_1_14_5536C10411G72_5536C10411G72_1;SubAssembly_1_29_5536C11005G41_5536C11005G41,5536C10411G72 4号肋;5536C11005G41 左侧2号夹芯板,37.415113917;4.222310264;0.090749953,铆接工具,connect_and_both_require_fastener_install,两端对象存在 connect，且两端都 requireProcess 安装紧固件，因此生成紧固任务。
185,Task_安装紧固件_Part_1_16_5536C10414G72_5536C10414G72_1_SubAssembly_1_32_5536C11008G41_5536C11008G41,安装紧固件_Part_1_16_5536C10414G72_5536C10414G72_1_SubAssembly_1_32_5536C11008G41_5536C11008G41,PROC_安装紧固件,安装紧固件,Part_1_16_5536C10414G72_5536C10414G72_1;SubAssembly_1_32_5536C11008G41_5536C11008G41,5536C10414G72 4号肋缘条;5536C11008G41 右侧3号夹芯板,38.342537817;5.454963232;-0.126257488,铆接工具,connect_and_both_require_fastener_install,两端对象存在 connect，且两端都 requireProcess 安装紧固件，因此生成紧固任务。
186,Task_安装紧固件_Part_1_15_5536C10413G72_5536C10413G72_1_SubAssembly_1_31_5536C11007G41_5536C11007G41,安装紧固件_Part_1_15_5536C10413G72_5536C10413G72_1_SubAssembly_1_31_5536C11007G41_5536C11007G41,PROC_安装紧固件,安装紧固件,Part_1_15_5536C10413G72_5536C10413G72_1;SubAssembly_1_31_5536C11007G41_5536C11007G41,5536C10413G72 4号肋缘条;5536C11007G41 左侧3号夹芯板,38.342537817;5.454963232;0.126257488,铆接工具,connect_and_both_require_fastener_install,两端对象存在 connect，且两端都 requireProcess 安装紧固件，因此生成紧固任务。
187,Task_安装紧固件_Part_1_41_5536C14008G71_5536C14008G71_1_SubAssembly_1_32_5536C11008G41_5536C11008G41,安装紧固件_Part_1_41_5536C14008G71_5536C14008G71_1_SubAssembly_1_32_5536C11008G41_5536C11008G41,PROC_安装紧固件,安装紧固件,Part_1_41_5536C14008G71_5536C14008G71_1;SubAssembly_1_32_5536C11008G41_5536C11008G41,5536C14008G71 4号连接带板;5536C11008G41 右侧3号夹芯板,38.565896034;5.610310394;-0.134746097,铆接工具,connect_and_both_require_fastener_install,两端对象存在 connect，且两端都 requireProcess 安装紧固件，因此生成紧固任务。
188,Task_安装紧固件_Part_1_40_5536C14007G71_5536C14007G71_1_SubAssembly_1_31_5536C11007G41_5536C11007G41,安装紧固件_Part_1_40_5536C14007G71_5536C14007G71_1_SubAssembly_1_31_5536C11007G41_5536C11007G41,PROC_安装紧固件,安装紧固件,Part_1_40_5536C14007G71_5536C14007G71_1;SubAssembly_1_31_5536C11007G41_5536C11007G41,5536C14007G71 4号连接带板;5536C11007G41 左侧3号夹芯板,38.565896034;5.610310395;0.134746097,铆接工具,connect_and_both_require_fastener_install,两端对象存在 connect，且两端都 requireProcess 安装紧固件，因此生成紧固任务。
189,Task_安装紧固件_Part_1_17_5536C10503G71_5536C10503G70_1_Part_1_18_5536C10511G72_5536C10511G72_1,安装紧固件_Part_1_17_5536C10503G71_5536C10503G70_1_Part_1_18_5536C10511G72_5536C10511G72_1,PROC_安装紧固件,安装紧固件,Part_1_17_5536C10503G71_5536C10503G70_1;Part_1_18_5536C10511G72_5536C10511G72_1,5536C10503G71 5号肋角材;5536C10511G72 5号肋,38.57307566;5.589433914;-2.552e-06,铆接工具,connect_and_both_require_fastener_install,两端对象存在 connect，且两端都 requireProcess 安装紧固件，因此生成紧固任务。
190,Task_安装紧固件_Part_1_18_5536C10511G72_5536C10511G72_1_Part_1_19_5536C10513G70_5536C10513G70_1,安装紧固件_Part_1_18_5536C10511G72_5536C10511G72_1_Part_1_19_5536C10513G70_5536C10513G70_1,PROC_安装紧固件,安装紧固件,Part_1_18_5536C10511G72_5536C10511G72_1;Part_1_19_5536C10513G70_5536C10513G70_1,5536C10511G72 5号肋;5536C10513G70 角片,38.418336098;5.704773088;0.027988035,铆接工具,connect_and_both_require_fastener_install,两端对象存在 connect，且两端都 requireProcess 安装紧固件，因此生成紧固任务。
191,Task_安装紧固件_Part_1_18_5536C10511G72_5536C10511G72_1_Part_1_20_5536C10514G70_5536C10514G70_1,安装紧固件_Part_1_18_5536C10511G72_5536C10511G72_1_Part_1_20_5536C10514G70_5536C10514G70_1,PROC_安装紧固件,安装紧固件,Part_1_18_5536C10511G72_5536C10511G72_1;Part_1_20_5536C10514G70_5536C10514G70_1,5536C10511G72 5号肋;5536C10514G70 角片,38.418336098;5.704773088;-0.027993138,铆接工具,connect_and_both_require_fastener_install,两端对象存在 connect，且两端都 requireProcess 安装紧固件，因此生成紧固任务。
192,Task_安装紧固件_Part_1_18_5536C10511G72_5536C10511G72_1_SubAssembly_1_32_5536C11008G41_5536C11008G41,安装紧固件_Part_1_18_5536C10511G72_5536C10511G72_1_SubAssembly_1_32_5536C11008G41_5536C11008G41,PROC_安装紧固件,安装紧固件,Part_1_18_5536C10511G72_5536C10511G72_1;SubAssembly_1_32_5536C11008G41_5536C11008G41,5536C10511G72 5号肋;5536C11008G41 右侧3号夹芯板,38.657023582;5.862179067;-0.056400878,铆接工具,connect_and_both_require_fastener_install,两端对象存在 connect，且两端都 requireProcess 安装紧固件，因此生成紧固任务。
193,Task_安装紧固件_Part_1_18_5536C10511G72_5536C10511G72_1_SubAssembly_1_31_5536C11007G41_5536C11007G41,安装紧固件_Part_1_18_5536C10511G72_5536C10511G72_1_SubAssembly_1_31_5536C11007G41_5536C11007G41,PROC_安装紧固件,安装紧固件,Part_1_18_5536C10511G72_5536C10511G72_1;SubAssembly_1_31_5536C11007G41_5536C11007G41,5536C10511G72 5号肋;5536C11007G41 左侧3号夹芯板,38.657023582;5.862179067;0.056395775,铆接工具,connect_and_both_require_fastener_install,两端对象存在 connect，且两端都 requireProcess 安装紧固件，因此生成紧固任务。
194,Task_安装紧固件_Part_1_43_5536C14010G71_5536C14010G72_1_SubAssembly_1_32_5536C11008G41_5536C11008G41,安装紧固件_Part_1_43_5536C14010G71_5536C14010G72_1_SubAssembly_1_32_5536C11008G41_5536C11008G41,PROC_安装紧固件,安装紧固件,Part_1_43_5536C14010G71_5536C14010G72_1;SubAssembly_1_32_5536C11008G41_5536C11008G41,5536C14010G71 5号连接带板;5536C11008G41 右侧3号夹芯板,38.921214056;6.110605112;-0.118383106,铆接工具,connect_and_both_require_fastener_install,两端对象存在 connect，且两端都 requireProcess 安装紧固件，因此生成紧固任务。
195,Task_安装紧固件_Part_1_42_5536C14009G71_5536C14009G72_1_SubAssembly_1_31_5536C11007G41_5536C11007G41,安装紧固件_Part_1_42_5536C14009G71_5536C14009G72_1_SubAssembly_1_31_5536C11007G41_5536C11007G41,PROC_安装紧固件,安装紧固件,Part_1_42_5536C14009G71_5536C14009G72_1;SubAssembly_1_31_5536C11007G41_5536C11007G41,5536C14009G71 5号连接带板;5536C11007G41 左侧3号夹芯板,38.921214056;6.110605112;0.118383106,铆接工具,connect_and_both_require_fastener_install,两端对象存在 connect，且两端都 requireProcess 安装紧固件，因此生成紧固任务。
196,Task_安装紧固件_Part_1_21_5536C10603G71_5536C10603G71_1_Part_1_22_5536C10611G72_5536C10611G72_1,安装紧固件_Part_1_21_5536C10603G71_5536C10603G71_1_Part_1_22_5536C10611G72_5536C10611G72_1,PROC_安装紧固件,安装紧固件,Part_1_21_5536C10603G71_5536C10603G71_1;Part_1_22_5536C10611G72_5536C10611G72_1,5536C10603G71 6号肋角材;5536C10611G72 6号肋,39.407126492;6.729302456;-1.439e-06,铆接工具,connect_and_both_require_fastener_install,两端对象存在 connect，且两端都 requireProcess 安装紧固件，因此生成紧固任务。
197,Task_安装紧固件_Part_1_22_5536C10611G72_5536C10611G72_1_Part_1_23_5536C10613G70_5536C10613G70_1,安装紧固件_Part_1_22_5536C10611G72_5536C10611G72_1_Part_1_23_5536C10613G70_5536C10613G70_1,PROC_安装紧固件,安装紧固件,Part_1_22_5536C10611G72_5536C10611G72_1;Part_1_23_5536C10613G70_5536C10613G70_1,5536C10611G72 6号肋;5536C10613G70 角片,39.286615933;6.820983567;0.015553826,铆接工具,connect_and_both_require_fastener_install,两端对象存在 connect，且两端都 requireProcess 安装紧固件，因此生成紧固任务。
198,Task_安装紧固件_Part_1_22_5536C10611G72_5536C10611G72_1_Part_1_24_5536C10614G70_5536C10614G70_1,安装紧固件_Part_1_22_5536C10611G72_5536C10611G72_1_Part_1_24_5536C10614G70_5536C10614G70_1,PROC_安装紧固件,安装紧固件,Part_1_22_5536C10611G72_5536C10611G72_1;Part_1_24_5536C10614G70_5536C10614G70_1,5536C10611G72 6号肋;5536C10614G70 角片,39.286615933;6.820983567;-0.015556704,铆接工具,connect_and_both_require_fastener_install,两端对象存在 connect，且两端都 requireProcess 安装紧固件，因此生成紧固任务。
199,Task_安装紧固件_Part_1_22_5536C10611G72_5536C10611G72_1_SubAssembly_1_32_5536C11008G41_5536C11008G41,安装紧固件_Part_1_22_5536C10611G72_5536C10611G72_1_SubAssembly_1_32_5536C11008G41_5536C11008G41,PROC_安装紧固件,安装紧固件,Part_1_22_5536C10611G72_5536C10611G72_1;SubAssembly_1_32_5536C11008G41_5536C11008G41,5536C10611G72 6号肋;5536C11008G41 右侧3号夹芯板,39.082247118;6.42623018;-0.056399765,铆接工具,connect_and_both_require_fastener_install,两端对象存在 connect，且两端都 requireProcess 安装紧固件，因此生成紧固任务。
200,Task_安装紧固件_Part_1_22_5536C10611G72_5536C10611G72_1_SubAssembly_1_31_5536C11007G41_5536C11007G41,安装紧固件_Part_1_22_5536C10611G72_5536C10611G72_1_SubAssembly_1_31_5536C11007G41_5536C11007G41,PROC_安装紧固件,安装紧固件,Part_1_22_5536C10611G72_5536C10611G72_1;SubAssembly_1_31_5536C11007G41_5536C11007G41,5536C10611G72 6号肋;5536C11007G41 左侧3号夹芯板,39.082247118;6.42623018;0.056396888,铆接工具,connect_and_both_require_fastener_install,两端对象存在 connect，且两端都 requireProcess 安装紧固件，因此生成紧固任务。
201,Task_安装紧固件_Part_1_45_5536C14012G71_5536C14012G71_1_SubAssembly_1_32_5536C11008G41_5536C11008G41,安装紧固件_Part_1_45_5536C14012G71_5536C14012G71_1_SubAssembly_1_32_5536C11008G41_5536C11008G41,PROC_安装紧固件,安装紧固件,Part_1_45_5536C14012G71_5536C14012G71_1;SubAssembly_1_32_5536C11008G41_5536C11008G41,5536C14012G71 6号连接带板;5536C11008G41 右侧3号夹芯板,39.279501115;6.615367715;-0.102235976,铆接工具,connect_and_both_require_fastener_install,两端对象存在 connect，且两端都 requireProcess 安装紧固件，因此生成紧固任务。
202,Task_安装紧固件_Part_1_44_5536C14011G71_5536C14011G71_1_SubAssembly_1_31_5536C11007G41_5536C11007G41,安装紧固件_Part_1_44_5536C14011G71_5536C14011G71_1_SubAssembly_1_31_5536C11007G41_5536C11007G41,PROC_安装紧固件,安装紧固件,Part_1_44_5536C14011G71_5536C14011G71_1;SubAssembly_1_31_5536C11007G41_5536C11007G41,5536C14011G71 6号连接带板;5536C11007G41 左侧3号夹芯板,39.279501115;6.615367715;0.102235976,铆接工具,connect_and_both_require_fastener_install,两端对象存在 connect，且两端都 requireProcess 安装紧固件，因此生成紧固任务。
203,Task_吊装移站_Product_1_5536C10000G26_5536C10000G26,吊装移站_Product_1_5536C10000G26_5536C10000G26,PROC_吊装移站,吊装移站,Product_1_5536C10000G26_5536C10000G26,5536C10000G26,,吊具,product_final_process,最终 Product 节点 requireProcess 后处理工艺，因此生成产品后处理任务。
204,Task_下架_Product_1_5536C10000G26_5536C10000G26,下架_Product_1_5536C10000G26_5536C10000G26,PROC_下架,下架,Product_1_5536C10000G26_5536C10000G26,5536C10000G26,,吊具,product_final_process,最终 Product 节点 requireProcess 后处理工艺，因此生成产品后处理任务。
205,Task_补铆安装紧固件_Product_1_5536C10000G26_5536C10000G26,补铆安装紧固件_Product_1_5536C10000G26_5536C10000G26,PROC_补铆安装紧固件,补铆安装紧固件,Product_1_5536C10000G26_5536C10000G26,5536C10000G26,,铆接工具;补铆托架,product_final_process,最终 Product 节点 requireProcess 后处理工艺，因此生成产品后处理任务。
206,Task_安装部分支架_Product_1_5536C10000G26_5536C10000G26,安装部分支架_Product_1_5536C10000G26_5536C10000G26,PROC_安装部分支架,安装部分支架,Product_1_5536C10000G26_5536C10000G26,5536C10000G26,,铆接工具,product_final_process,最终 Product 节点 requireProcess 后处理工艺，因此生成产品后处理任务。
207,Task_涂胶密封_Product_1_5536C10000G26_5536C10000G26,涂胶密封_Product_1_5536C10000G26_5536C10000G26,PROC_涂胶密封,涂胶密封,Product_1_5536C10000G26_5536C10000G26,5536C10000G26,,密封胶枪,product_final_process,最终 Product 节点 requireProcess 后处理工艺，因此生成产品后处理任务。
208,Task_清洗排故_Product_1_5536C10000G26_5536C10000G26,清洗排故_Product_1_5536C10000G26_5536C10000G26,PROC_清洗排故,清洗排故,Product_1_5536C10000G26_5536C10000G26,5536C10000G26,,清洗工具,product_final_process,最终 Product 节点 requireProcess 后处理工艺，因此生成产品后处理任务。
