task_id,task_name,process_id,process_name,operated_objects,operated_object_names,required_resources,generation_rule,sequence_index,new_status,block_reason
Task_定位前缘组件_SubAssembly_1_33_5536C12000G42_5536C12000G42_1,定位前缘组件_SubAssembly_1_33_5536C12000G42_5536C12000G42_1,PROC_定位前缘组件,定位前缘组件,SubAssembly_1_33_5536C12000G42_5536C12000G42_1,5536C12000G42 辅助梁组件,定位器,object_requireProcess_positioning,1,DONE,已执行到当前扰动点，任务状态被冻结，不参与局部重排。
Task_定位前缘舱肋_Part_1_4_5536C10105G71_5536C10105G71_1,定位前缘舱肋_Part_1_4_5536C10105G71_5536C10105G71_1,PROC_定位前缘舱肋,定位前缘舱肋,Part_1_4_5536C10105G71_5536C10105G71_1,5536C10105G71 1号肋,定位器;前缘舱肋夹紧器,object_requireProcess_positioning,2,DONE,已执行到当前扰动点，任务状态被冻结，不参与局部重排。
Task_定位前缘舱肋_Part_1_2_5536C10101G71_5536C10101G71_1,定位前缘舱肋_Part_1_2_5536C10101G71_5536C10101G71_1,PROC_定位前缘舱肋,定位前缘舱肋,Part_1_2_5536C10101G71_5536C10101G71_1,5536C10101G71 1号肋,定位器;前缘舱肋夹紧器,object_requireProcess_positioning,3,DONE,已执行到当前扰动点，任务状态被冻结，不参与局部重排。
Task_定位前缘舱肋_Part_1_6_5536C10211G71_5536C10211G71_1,定位前缘舱肋_Part_1_6_5536C10211G71_5536C10211G71_1,PROC_定位前缘舱肋,定位前缘舱肋,Part_1_6_5536C10211G71_5536C10211G71_1,5536C10211G71 2号肋,定位器;前缘舱肋夹紧器,object_requireProcess_positioning,4,DONE,已执行到当前扰动点，任务状态被冻结，不参与局部重排。
Task_定位前缘舱肋_Part_1_10_5536C10311G72_5536C10311G72_1,定位前缘舱肋_Part_1_10_5536C10311G72_5536C10311G72_1,PROC_定位前缘舱肋,定位前缘舱肋,Part_1_10_5536C10311G72_5536C10311G72_1,5536C10311G72 3号肋,定位器;前缘舱肋夹紧器,object_requireProcess_positioning,5,DONE,已执行到当前扰动点，任务状态被冻结，不参与局部重排。
Task_定位前缘舱肋_Part_1_14_5536C10411G72_5536C10411G72_1,定位前缘舱肋_Part_1_14_5536C10411G72_5536C10411G72_1,PROC_定位前缘舱肋,定位前缘舱肋,Part_1_14_5536C10411G72_5536C10411G72_1,5536C10411G72 4号肋,定位器;前缘舱肋夹紧器,object_requireProcess_positioning,6,DONE,已执行到当前扰动点，任务状态被冻结，不参与局部重排。
Task_定位前缘舱肋_Part_1_18_5536C10511G72_5536C10511G72_1,定位前缘舱肋_Part_1_18_5536C10511G72_5536C10511G72_1,PROC_定位前缘舱肋,定位前缘舱肋,Part_1_18_5536C10511G72_5536C10511G72_1,5536C10511G72 5号肋,定位器;前缘舱肋夹紧器,object_requireProcess_positioning,7,DONE,已执行到当前扰动点，任务状态被冻结，不参与局部重排。
Task_定位前缘舱肋_Part_1_22_5536C10611G72_5536C10611G72_1,定位前缘舱肋_Part_1_22_5536C10611G72_5536C10611G72_1,PROC_定位前缘舱肋,定位前缘舱肋,Part_1_22_5536C10611G72_5536C10611G72_1,5536C10611G72 6号肋,定位器;前缘舱肋夹紧器,object_requireProcess_positioning,8,DONE,已执行到当前扰动点，任务状态被冻结，不参与局部重排。
Task_手工定位角材_Part_1_3_5536C10103G71_5536C10103G71_1,手工定位角材_Part_1_3_5536C10103G71_5536C10103G71_1,PROC_手工定位角材,手工定位角材,Part_1_3_5536C10103G71_5536C10103G71_1,5536C10103G71 1号肋角材,定位器,object_requireProcess_positioning,9,DONE,已执行到当前扰动点，任务状态被冻结，不参与局部重排。
Task_定位连接带板_Part_1_35_5536C14002G71_5536C14002G70_1,定位连接带板_Part_1_35_5536C14002G71_5536C14002G70_1,PROC_手工定位角材,手工定位角材,Part_1_35_5536C14002G71_5536C14002G70_1,5536C14002G71 1号连接带板,定位器,object_requireProcess_connection_belt_positioning,10,DONE,已执行到当前扰动点，任务状态被冻结，不参与局部重排。
Task_定位连接带板_Part_1_34_5536C14001G71_5536C14001G70_1,定位连接带板_Part_1_34_5536C14001G71_5536C14001G70_1,PROC_手工定位角材,手工定位角材,Part_1_34_5536C14001G71_5536C14001G70_1,5536C14001G71 1号连接带板,定位器,object_requireProcess_connection_belt_positioning,11,DONE,已执行到当前扰动点，任务状态被冻结，不参与局部重排。
Task_定位连接带板_Part_1_36_5536C14003G71_5536C14003G70_1,定位连接带板_Part_1_36_5536C14003G71_5536C14003G70_1,PROC_手工定位角材,手工定位角材,Part_1_36_5536C14003G71_5536C14003G70_1,5536C14003G71 2号连接带板,定位器,object_requireProcess_connection_belt_positioning,12,DONE,已执行到当前扰动点，任务状态被冻结，不参与局部重排。
Task_定位连接带板_Part_1_37_5536C14004G71_5536C14004G70_1,定位连接带板_Part_1_37_5536C14004G71_5536C14004G70_1,PROC_手工定位角材,手工定位角材,Part_1_37_5536C14004G71_5536C14004G70_1,5536C14004G71 2号连接带板,定位器,object_requireProcess_connection_belt_positioning,13,DONE,已执行到当前扰动点，任务状态被冻结，不参与局部重排。
Task_手工定位角材_Part_1_5_5536C10203G71_5536C10203G71_1,手工定位角材_Part_1_5_5536C10203G71_5536C10203G71_1,PROC_手工定位角材,手工定位角材,Part_1_5_5536C10203G71_5536C10203G71_1,5536C10203G71 2号肋角材,定位器,object_requireProcess_positioning,14,DONE,已执行到当前扰动点，任务状态被冻结，不参与局部重排。
Task_手工定位角材_Part_1_7_5536C10213G70_5536C10213G70_1,手工定位角材_Part_1_7_5536C10213G70_5536C10213G70_1,PROC_手工定位角材,手工定位角材,Part_1_7_5536C10213G70_5536C10213G70_1,5536C10213G70 2号肋缘条,定位器,object_requireProcess_positioning,15,DONE,已执行到当前扰动点，任务状态被冻结，不参与局部重排。
Task_手工定位角材_Part_1_8_5536C10214G70_5536C10214G70_1,手工定位角材_Part_1_8_5536C10214G70_5536C10214G70_1,PROC_手工定位角材,手工定位角材,Part_1_8_5536C10214G70_5536C10214G70_1,5536C10214G70 2号肋缘条,定位器,object_requireProcess_positioning,16,DONE,已执行到当前扰动点，任务状态被冻结，不参与局部重排。
Task_手工定位角材_Part_1_9_5536C10303G71_5536C10303G71_1,手工定位角材_Part_1_9_5536C10303G71_5536C10303G71_1,PROC_手工定位角材,手工定位角材,Part_1_9_5536C10303G71_5536C10303G71_1,5536C10303G71 3号肋角材,定位器,object_requireProcess_positioning,17,DONE,已执行到当前扰动点，任务状态被冻结，不参与局部重排。
Task_手工定位角材_Part_1_11_5536C10313G70_5536C10313G70_1,手工定位角材_Part_1_11_5536C10313G70_5536C10313G70_1,PROC_手工定位角材,手工定位角材,Part_1_11_5536C10313G70_5536C10313G70_1,5536C10313G70 角片,定位器,object_requireProcess_positioning,18,DONE,已执行到当前扰动点，任务状态被冻结，不参与局部重排。
Task_手工定位角材_Part_1_12_5536C10314G70_5536C10314G70_1,手工定位角材_Part_1_12_5536C10314G70_5536C10314G70_1,PROC_手工定位角材,手工定位角材,Part_1_12_5536C10314G70_5536C10314G70_1,5536C10314G70 角片,定位器,object_requireProcess_positioning,19,DONE,已执行到当前扰动点，任务状态被冻结，不参与局部重排。
Task_定位连接带板_Part_1_39_5536C14006G71_5536C14006G71_1,定位连接带板_Part_1_39_5536C14006G71_5536C14006G71_1,PROC_手工定位角材,手工定位角材,Part_1_39_5536C14006G71_5536C14006G71_1,5536C14006G71 3号连接带板,定位器,object_requireProcess_connection_belt_positioning,20,DONE,已执行到当前扰动点，任务状态被冻结，不参与局部重排。
Task_定位连接带板_Part_1_38_5536C14005G71_5536C14005G71_1,定位连接带板_Part_1_38_5536C14005G71_5536C14005G71_1,PROC_手工定位角材,手工定位角材,Part_1_38_5536C14005G71_5536C14005G71_1,5536C14005G71 3号连接带板,定位器,object_requireProcess_connection_belt_positioning,21,DONE,已执行到当前扰动点，任务状态被冻结，不参与局部重排。
Task_手工定位角材_Part_1_13_5536C10403G71_5536C10403G71_1,手工定位角材_Part_1_13_5536C10403G71_5536C10403G71_1,PROC_手工定位角材,手工定位角材,Part_1_13_5536C10403G71_5536C10403G71_1,5536C10403G71 4号肋角材,定位器,object_requireProcess_positioning,22,AVAILABLE,未完成且不依赖故障资源，可进入可用残局子图。
Task_手工定位角材_Part_1_15_5536C10413G72_5536C10413G72_1,手工定位角材_Part_1_15_5536C10413G72_5536C10413G72_1,PROC_手工定位角材,手工定位角材,Part_1_15_5536C10413G72_5536C10413G72_1,5536C10413G72 4号肋缘条,定位器,object_requireProcess_positioning,23,AVAILABLE,未完成且不依赖故障资源，可进入可用残局子图。
Task_手工定位角材_Part_1_16_5536C10414G72_5536C10414G72_1,手工定位角材_Part_1_16_5536C10414G72_5536C10414G72_1,PROC_手工定位角材,手工定位角材,Part_1_16_5536C10414G72_5536C10414G72_1,5536C10414G72 4号肋缘条,定位器,object_requireProcess_positioning,24,AVAILABLE,未完成且不依赖故障资源，可进入可用残局子图。
Task_定位连接带板_Part_1_40_5536C14007G71_5536C14007G71_1,定位连接带板_Part_1_40_5536C14007G71_5536C14007G71_1,PROC_手工定位角材,手工定位角材,Part_1_40_5536C14007G71_5536C14007G71_1,5536C14007G71 4号连接带板,定位器,object_requireProcess_connection_belt_positioning,25,AVAILABLE,未完成且不依赖故障资源，可进入可用残局子图。
Task_定位连接带板_Part_1_41_5536C14008G71_5536C14008G71_1,定位连接带板_Part_1_41_5536C14008G71_5536C14008G71_1,PROC_手工定位角材,手工定位角材,Part_1_41_5536C14008G71_5536C14008G71_1,5536C14008G71 4号连接带板,定位器,object_requireProcess_connection_belt_positioning,26,AVAILABLE,未完成且不依赖故障资源，可进入可用残局子图。
Task_手工定位角材_Part_1_17_5536C10503G71_5536C10503G70_1,手工定位角材_Part_1_17_5536C10503G71_5536C10503G70_1,PROC_手工定位角材,手工定位角材,Part_1_17_5536C10503G71_5536C10503G70_1,5536C10503G71 5号肋角材,定位器,object_requireProcess_positioning,27,AVAILABLE,未完成且不依赖故障资源，可进入可用残局子图。
Task_手工定位角材_Part_1_20_5536C10514G70_5536C10514G70_1,手工定位角材_Part_1_20_5536C10514G70_5536C10514G70_1,PROC_手工定位角材,手工定位角材,Part_1_20_5536C10514G70_5536C10514G70_1,5536C10514G70 角片,定位器,object_requireProcess_positioning,28,AVAILABLE,未完成且不依赖故障资源，可进入可用残局子图。
Task_手工定位角材_Part_1_19_5536C10513G70_5536C10513G70_1,手工定位角材_Part_1_19_5536C10513G70_5536C10513G70_1,PROC_手工定位角材,手工定位角材,Part_1_19_5536C10513G70_5536C10513G70_1,5536C10513G70 角片,定位器,object_requireProcess_positioning,29,AVAILABLE,未完成且不依赖故障资源，可进入可用残局子图。
Task_定位连接带板_Part_1_42_5536C14009G71_5536C14009G72_1,定位连接带板_Part_1_42_5536C14009G71_5536C14009G72_1,PROC_手工定位角材,手工定位角材,Part_1_42_5536C14009G71_5536C14009G72_1,5536C14009G71 5号连接带板,定位器,object_requireProcess_connection_belt_positioning,30,AVAILABLE,未完成且不依赖故障资源，可进入可用残局子图。
Task_定位连接带板_Part_1_43_5536C14010G71_5536C14010G72_1,定位连接带板_Part_1_43_5536C14010G71_5536C14010G72_1,PROC_手工定位角材,手工定位角材,Part_1_43_5536C14010G71_5536C14010G72_1,5536C14010G71 5号连接带板,定位器,object_requireProcess_connection_belt_positioning,31,AVAILABLE,未完成且不依赖故障资源，可进入可用残局子图。
Task_手工定位角材_Part_1_21_5536C10603G71_5536C10603G71_1,手工定位角材_Part_1_21_5536C10603G71_5536C10603G71_1,PROC_手工定位角材,手工定位角材,Part_1_21_5536C10603G71_5536C10603G71_1,5536C10603G71 6号肋角材,定位器,object_requireProcess_positioning,32,AVAILABLE,未完成且不依赖故障资源，可进入可用残局子图。
Task_手工定位角材_Part_1_24_5536C10614G70_5536C10614G70_1,手工定位角材_Part_1_24_5536C10614G70_5536C10614G70_1,PROC_手工定位角材,手工定位角材,Part_1_24_5536C10614G70_5536C10614G70_1,5536C10614G70 角片,定位器,object_requireProcess_positioning,33,AVAILABLE,未完成且不依赖故障资源，可进入可用残局子图。
Task_手工定位角材_Part_1_23_5536C10613G70_5536C10613G70_1,手工定位角材_Part_1_23_5536C10613G70_5536C10613G70_1,PROC_手工定位角材,手工定位角材,Part_1_23_5536C10613G70_5536C10613G70_1,5536C10613G70 角片,定位器,object_requireProcess_positioning,34,AVAILABLE,未完成且不依赖故障资源，可进入可用残局子图。
Task_定位连接带板_Part_1_44_5536C14011G71_5536C14011G71_1,定位连接带板_Part_1_44_5536C14011G71_5536C14011G71_1,PROC_手工定位角材,手工定位角材,Part_1_44_5536C14011G71_5536C14011G71_1,5536C14011G71 6号连接带板,定位器,object_requireProcess_connection_belt_positioning,35,AVAILABLE,未完成且不依赖故障资源，可进入可用残局子图。
Task_定位连接带板_Part_1_45_5536C14012G71_5536C14012G71_1,定位连接带板_Part_1_45_5536C14012G71_5536C14012G71_1,PROC_手工定位角材,手工定位角材,Part_1_45_5536C14012G71_5536C14012G71_1,5536C14012G71 6号连接带板,定位器,object_requireProcess_connection_belt_positioning,36,AVAILABLE,未完成且不依赖故障资源，可进入可用残局子图。
Task_定位两侧壁板_SubAssembly_1_32_5536C11008G41_5536C11008G41,定位两侧壁板_SubAssembly_1_32_5536C11008G41_5536C11008G41,PROC_定位两侧壁板,定位两侧壁板,SubAssembly_1_32_5536C11008G41_5536C11008G41,5536C11008G41 右侧3号夹芯板,边缘定位挡块,object_requireProcess_positioning,37,AVAILABLE,未完成且不依赖故障资源，可进入可用残局子图。
Task_定位两侧壁板_SubAssembly_1_31_5536C11007G41_5536C11007G41,定位两侧壁板_SubAssembly_1_31_5536C11007G41_5536C11007G41,PROC_定位两侧壁板,定位两侧壁板,SubAssembly_1_31_5536C11007G41_5536C11007G41,5536C11007G41 左侧3号夹芯板,边缘定位挡块,object_requireProcess_positioning,38,AVAILABLE,未完成且不依赖故障资源，可进入可用残局子图。
Task_定位两侧壁板_SubAssembly_1_29_5536C11005G41_5536C11005G41,定位两侧壁板_SubAssembly_1_29_5536C11005G41_5536C11005G41,PROC_定位两侧壁板,定位两侧壁板,SubAssembly_1_29_5536C11005G41_5536C11005G41,5536C11005G41 左侧2号夹芯板,边缘定位挡块,object_requireProcess_positioning,39,AVAILABLE,未完成且不依赖故障资源，可进入可用残局子图。
Task_定位两侧壁板_SubAssembly_1_30_5536C11006G41_5536C11006G41,定位两侧壁板_SubAssembly_1_30_5536C11006G41_5536C11006G41,PROC_定位两侧壁板,定位两侧壁板,SubAssembly_1_30_5536C11006G41_5536C11006G41,5536C11006G41 右侧2号夹芯板,边缘定位挡块,object_requireProcess_positioning,40,AVAILABLE,未完成且不依赖故障资源，可进入可用残局子图。
Task_定位两侧壁板_SubAssembly_1_28_5536C11004G41_5536C11004G41,定位两侧壁板_SubAssembly_1_28_5536C11004G41_5536C11004G41,PROC_定位两侧壁板,定位两侧壁板,SubAssembly_1_28_5536C11004G41_5536C11004G41,5536C11004G41 右侧1号夹芯板,边缘定位挡块,object_requireProcess_positioning,41,AVAILABLE,未完成且不依赖故障资源，可进入可用残局子图。
Task_定位两侧壁板_SubAssembly_1_26_5536C11002G41_5536C11002G41_1,定位两侧壁板_SubAssembly_1_26_5536C11002G41_5536C11002G41_1,PROC_定位两侧壁板,定位两侧壁板,SubAssembly_1_26_5536C11002G41_5536C11002G41_1,5536C11002G41 右侧下封面板,边缘定位挡块,object_requireProcess_positioning,42,AVAILABLE,未完成且不依赖故障资源，可进入可用残局子图。
Task_定位两侧壁板_SubAssembly_1_25_5536C11001G41_5536C11001G41_1,定位两侧壁板_SubAssembly_1_25_5536C11001G41_5536C11001G41_1,PROC_定位两侧壁板,定位两侧壁板,SubAssembly_1_25_5536C11001G41_5536C11001G41_1,5536C11001G41 左侧下封面板,边缘定位挡块,object_requireProcess_positioning,43,AVAILABLE,未完成且不依赖故障资源，可进入可用残局子图。
Task_定位两侧壁板_SubAssembly_1_27_5536C11003G41_5536C11003G41,定位两侧壁板_SubAssembly_1_27_5536C11003G41_5536C11003G41,PROC_定位两侧壁板,定位两侧壁板,SubAssembly_1_27_5536C11003G41_5536C11003G41,5536C11003G41 左侧1号夹芯板,边缘定位挡块,object_requireProcess_positioning,44,AVAILABLE,未完成且不依赖故障资源，可进入可用残局子图。
Task_制初孔_Part_1_2_5536C10101G71_5536C10101G71_1_Part_1_4_5536C10105G71_5536C10105G71_1,制初孔_Part_1_2_5536C10101G71_5536C10101G71_1_Part_1_4_5536C10105G71_5536C10105G71_1,PROC_制初孔,制初孔,Part_1_2_5536C10101G71_5536C10101G71_1;Part_1_4_5536C10105G71_5536C10105G71_1,5536C10101G71 1号肋;5536C10105G71 1号肋,钻具,connect_and_both_require_initial_hole,45,BLOCKED_RESOURCE,任务所需资源包含 RES_钻具 对应资源类型，制孔资源故障导致不可执行。
Task_制初孔_Part_1_4_5536C10105G71_5536C10105G71_1_SubAssembly_1_28_5536C11004G41_5536C11004G41,制初孔_Part_1_4_5536C10105G71_5536C10105G71_1_SubAssembly_1_28_5536C11004G41_5536C11004G41,PROC_制初孔,制初孔,Part_1_4_5536C10105G71_5536C10105G71_1;SubAssembly_1_28_5536C11004G41_5536C11004G41,5536C10105G71 1号肋;5536C11004G41 右侧1号夹芯板,钻具,connect_and_both_require_initial_hole,46,BLOCKED_RESOURCE,任务所需资源包含 RES_钻具 对应资源类型，制孔资源故障导致不可执行。
Task_制初孔_Part_1_4_5536C10105G71_5536C10105G71_1_SubAssembly_1_26_5536C11002G41_5536C11002G41_1,制初孔_Part_1_4_5536C10105G71_5536C10105G71_1_SubAssembly_1_26_5536C11002G41_5536C11002G41_1,PROC_制初孔,制初孔,Part_1_4_5536C10105G71_5536C10105G71_1;SubAssembly_1_26_5536C11002G41_5536C11002G41_1,5536C10105G71 1号肋;5536C11002G41 右侧下封面板,钻具,connect_and_both_require_initial_hole,47,BLOCKED_RESOURCE,任务所需资源包含 RES_钻具 对应资源类型，制孔资源故障导致不可执行。
Task_制初孔_Part_1_2_5536C10101G71_5536C10101G71_1_SubAssembly_1_26_5536C11002G41_5536C11002G41_1,制初孔_Part_1_2_5536C10101G71_5536C10101G71_1_SubAssembly_1_26_5536C11002G41_5536C11002G41_1,PROC_制初孔,制初孔,Part_1_2_5536C10101G71_5536C10101G71_1;SubAssembly_1_26_5536C11002G41_5536C11002G41_1,5536C10101G71 1号肋;5536C11002G41 右侧下封面板,钻具,connect_and_both_require_initial_hole,48,BLOCKED_RESOURCE,任务所需资源包含 RES_钻具 对应资源类型，制孔资源故障导致不可执行。
Task_制初孔_Part_1_2_5536C10101G71_5536C10101G71_1_SubAssembly_1_25_5536C11001G41_5536C11001G41_1,制初孔_Part_1_2_5536C10101G71_5536C10101G71_1_SubAssembly_1_25_5536C11001G41_5536C11001G41_1,PROC_制初孔,制初孔,Part_1_2_5536C10101G71_5536C10101G71_1;SubAssembly_1_25_5536C11001G41_5536C11001G41_1,5536C10101G71 1号肋;5536C11001G41 左侧下封面板,钻具,connect_and_both_require_initial_hole,49,BLOCKED_RESOURCE,任务所需资源包含 RES_钻具 对应资源类型，制孔资源故障导致不可执行。
Task_制初孔_Part_1_2_5536C10101G71_5536C10101G71_1_SubAssembly_1_27_5536C11003G41_5536C11003G41,制初孔_Part_1_2_5536C10101G71_5536C10101G71_1_SubAssembly_1_27_5536C11003G41_5536C11003G41,PROC_制初孔,制初孔,Part_1_2_5536C10101G71_5536C10101G71_1;SubAssembly_1_27_5536C11003G41_5536C11003G41,5536C10101G71 1号肋;5536C11003G41 左侧1号夹芯板,钻具,connect_and_both_require_initial_hole,50,BLOCKED_RESOURCE,任务所需资源包含 RES_钻具 对应资源类型，制孔资源故障导致不可执行。
Task_制初孔_Part_1_6_5536C10211G71_5536C10211G71_1_SubAssembly_1_28_5536C11004G41_5536C11004G41,制初孔_Part_1_6_5536C10211G71_5536C10211G71_1_SubAssembly_1_28_5536C11004G41_5536C11004G41,PROC_制初孔,制初孔,Part_1_6_5536C10211G71_5536C10211G71_1;SubAssembly_1_28_5536C11004G41_5536C11004G41,5536C10211G71 2号肋;5536C11004G41 右侧1号夹芯板,钻具,connect_and_both_require_initial_hole,51,BLOCKED_RESOURCE,任务所需资源包含 RES_钻具 对应资源类型，制孔资源故障导致不可执行。
Task_制初孔_Part_1_6_5536C10211G71_5536C10211G71_1_SubAssembly_1_27_5536C11003G41_5536C11003G41,制初孔_Part_1_6_5536C10211G71_5536C10211G71_1_SubAssembly_1_27_5536C11003G41_5536C11003G41,PROC_制初孔,制初孔,Part_1_6_5536C10211G71_5536C10211G71_1;SubAssembly_1_27_5536C11003G41_5536C11003G41,5536C10211G71 2号肋;5536C11003G41 左侧1号夹芯板,钻具,connect_and_both_require_initial_hole,52,BLOCKED_RESOURCE,任务所需资源包含 RES_钻具 对应资源类型，制孔资源故障导致不可执行。
Task_制初孔_Part_1_10_5536C10311G72_5536C10311G72_1_SubAssembly_1_29_5536C11005G41_5536C11005G41,制初孔_Part_1_10_5536C10311G72_5536C10311G72_1_SubAssembly_1_29_5536C11005G41_5536C11005G41,PROC_制初孔,制初孔,Part_1_10_5536C10311G72_5536C10311G72_1;SubAssembly_1_29_5536C11005G41_5536C11005G41,5536C10311G72 3号肋;5536C11005G41 左侧2号夹芯板,钻具,connect_and_both_require_initial_hole,53,BLOCKED_RESOURCE,任务所需资源包含 RES_钻具 对应资源类型，制孔资源故障导致不可执行。
Task_制初孔_Part_1_10_5536C10311G72_5536C10311G72_1_SubAssembly_1_30_5536C11006G41_5536C11006G41,制初孔_Part_1_10_5536C10311G72_5536C10311G72_1_SubAssembly_1_30_5536C11006G41_5536C11006G41,PROC_制初孔,制初孔,Part_1_10_5536C10311G72_5536C10311G72_1;SubAssembly_1_30_5536C11006G41_5536C11006G41,5536C10311G72 3号肋;5536C11006G41 右侧2号夹芯板,钻具,connect_and_both_require_initial_hole,54,BLOCKED_RESOURCE,任务所需资源包含 RES_钻具 对应资源类型，制孔资源故障导致不可执行。
Task_制初孔_Part_1_14_5536C10411G72_5536C10411G72_1_SubAssembly_1_29_5536C11005G41_5536C11005G41,制初孔_Part_1_14_5536C10411G72_5536C10411G72_1_SubAssembly_1_29_5536C11005G41_5536C11005G41,PROC_制初孔,制初孔,Part_1_14_5536C10411G72_5536C10411G72_1;SubAssembly_1_29_5536C11005G41_5536C11005G41,5536C10411G72 4号肋;5536C11005G41 左侧2号夹芯板,钻具,connect_and_both_require_initial_hole,55,BLOCKED_RESOURCE,任务所需资源包含 RES_钻具 对应资源类型，制孔资源故障导致不可执行。
Task_制初孔_Part_1_14_5536C10411G72_5536C10411G72_1_SubAssembly_1_30_5536C11006G41_5536C11006G41,制初孔_Part_1_14_5536C10411G72_5536C10411G72_1_SubAssembly_1_30_5536C11006G41_5536C11006G41,PROC_制初孔,制初孔,Part_1_14_5536C10411G72_5536C10411G72_1;SubAssembly_1_30_5536C11006G41_5536C11006G41,5536C10411G72 4号肋;5536C11006G41 右侧2号夹芯板,钻具,connect_and_both_require_initial_hole,56,BLOCKED_RESOURCE,任务所需资源包含 RES_钻具 对应资源类型，制孔资源故障导致不可执行。
Task_制初孔_Part_1_18_5536C10511G72_5536C10511G72_1_SubAssembly_1_32_5536C11008G41_5536C11008G41,制初孔_Part_1_18_5536C10511G72_5536C10511G72_1_SubAssembly_1_32_5536C11008G41_5536C11008G41,PROC_制初孔,制初孔,Part_1_18_5536C10511G72_5536C10511G72_1;SubAssembly_1_32_5536C11008G41_5536C11008G41,5536C10511G72 5号肋;5536C11008G41 右侧3号夹芯板,钻具,connect_and_both_require_initial_hole,57,BLOCKED_RESOURCE,任务所需资源包含 RES_钻具 对应资源类型，制孔资源故障导致不可执行。
Task_制初孔_Part_1_18_5536C10511G72_5536C10511G72_1_SubAssembly_1_31_5536C11007G41_5536C11007G41,制初孔_Part_1_18_5536C10511G72_5536C10511G72_1_SubAssembly_1_31_5536C11007G41_5536C11007G41,PROC_制初孔,制初孔,Part_1_18_5536C10511G72_5536C10511G72_1;SubAssembly_1_31_5536C11007G41_5536C11007G41,5536C10511G72 5号肋;5536C11007G41 左侧3号夹芯板,钻具,connect_and_both_require_initial_hole,58,BLOCKED_RESOURCE,任务所需资源包含 RES_钻具 对应资源类型，制孔资源故障导致不可执行。
Task_制初孔_Part_1_22_5536C10611G72_5536C10611G72_1_SubAssembly_1_32_5536C11008G41_5536C11008G41,制初孔_Part_1_22_5536C10611G72_5536C10611G72_1_SubAssembly_1_32_5536C11008G41_5536C11008G41,PROC_制初孔,制初孔,Part_1_22_5536C10611G72_5536C10611G72_1;SubAssembly_1_32_5536C11008G41_5536C11008G41,5536C10611G72 6号肋;5536C11008G41 右侧3号夹芯板,钻具,connect_and_both_require_initial_hole,59,BLOCKED_RESOURCE,任务所需资源包含 RES_钻具 对应资源类型，制孔资源故障导致不可执行。
Task_制初孔_Part_1_22_5536C10611G72_5536C10611G72_1_SubAssembly_1_31_5536C11007G41_5536C11007G41,制初孔_Part_1_22_5536C10611G72_5536C10611G72_1_SubAssembly_1_31_5536C11007G41_5536C11007G41,PROC_制初孔,制初孔,Part_1_22_5536C10611G72_5536C10611G72_1;SubAssembly_1_31_5536C11007G41_5536C11007G41,5536C10611G72 6号肋;5536C11007G41 左侧3号夹芯板,钻具,connect_and_both_require_initial_hole,60,BLOCKED_RESOURCE,任务所需资源包含 RES_钻具 对应资源类型，制孔资源故障导致不可执行。
Task_制连接孔_Part_1_4_5536C10105G71_5536C10105G71_1_SubAssembly_1_33_5536C12000G42_5536C12000G42_1,制连接孔_Part_1_4_5536C10105G71_5536C10105G71_1_SubAssembly_1_33_5536C12000G42_5536C12000G42_1,PROC_制连接孔,制连接孔,Part_1_4_5536C10105G71_5536C10105G71_1;SubAssembly_1_33_5536C12000G42_5536C12000G42_1,5536C10105G71 1号肋;5536C12000G42 辅助梁组件,钻具,connect_and_both_require_connection_hole,61,BLOCKED_RESOURCE,任务所需资源包含 RES_钻具 对应资源类型，制孔资源故障导致不可执行。
Task_制连接孔_Part_1_2_5536C10101G71_5536C10101G71_1_SubAssembly_1_33_5536C12000G42_5536C12000G42_1,制连接孔_Part_1_2_5536C10101G71_5536C10101G71_1_SubAssembly_1_33_5536C12000G42_5536C12000G42_1,PROC_制连接孔,制连接孔,Part_1_2_5536C10101G71_5536C10101G71_1;SubAssembly_1_33_5536C12000G42_5536C12000G42_1,5536C10101G71 1号肋;5536C12000G42 辅助梁组件,钻具,connect_and_both_require_connection_hole,62,BLOCKED_RESOURCE,任务所需资源包含 RES_钻具 对应资源类型，制孔资源故障导致不可执行。
Task_制连接孔_Part_1_6_5536C10211G71_5536C10211G71_1_SubAssembly_1_33_5536C12000G42_5536C12000G42_1,制连接孔_Part_1_6_5536C10211G71_5536C10211G71_1_SubAssembly_1_33_5536C12000G42_5536C12000G42_1,PROC_制连接孔,制连接孔,Part_1_6_5536C10211G71_5536C10211G71_1;SubAssembly_1_33_5536C12000G42_5536C12000G42_1,5536C10211G71 2号肋;5536C12000G42 辅助梁组件,钻具,connect_and_both_require_connection_hole,63,BLOCKED_RESOURCE,任务所需资源包含 RES_钻具 对应资源类型，制孔资源故障导致不可执行。
Task_制连接孔_Part_1_7_5536C10213G70_5536C10213G70_1_SubAssembly_1_33_5536C12000G42_5536C12000G42_1,制连接孔_Part_1_7_5536C10213G70_5536C10213G70_1_SubAssembly_1_33_5536C12000G42_5536C12000G42_1,PROC_制连接孔,制连接孔,Part_1_7_5536C10213G70_5536C10213G70_1;SubAssembly_1_33_5536C12000G42_5536C12000G42_1,5536C10213G70 2号肋缘条;5536C12000G42 辅助梁组件,钻具,connect_and_both_require_connection_hole,64,BLOCKED_RESOURCE,任务所需资源包含 RES_钻具 对应资源类型，制孔资源故障导致不可执行。
Task_制连接孔_Part_1_8_5536C10214G70_5536C10214G70_1_SubAssembly_1_33_5536C12000G42_5536C12000G42_1,制连接孔_Part_1_8_5536C10214G70_5536C10214G70_1_SubAssembly_1_33_5536C12000G42_5536C12000G42_1,PROC_制连接孔,制连接孔,Part_1_8_5536C10214G70_5536C10214G70_1;SubAssembly_1_33_5536C12000G42_5536C12000G42_1,5536C10214G70 2号肋缘条;5536C12000G42 辅助梁组件,钻具,connect_and_both_require_connection_hole,65,BLOCKED_RESOURCE,任务所需资源包含 RES_钻具 对应资源类型，制孔资源故障导致不可执行。
Task_制连接孔_Part_1_10_5536C10311G72_5536C10311G72_1_SubAssembly_1_33_5536C12000G42_5536C12000G42_1,制连接孔_Part_1_10_5536C10311G72_5536C10311G72_1_SubAssembly_1_33_5536C12000G42_5536C12000G42_1,PROC_制连接孔,制连接孔,Part_1_10_5536C10311G72_5536C10311G72_1;SubAssembly_1_33_5536C12000G42_5536C12000G42_1,5536C10311G72 3号肋;5536C12000G42 辅助梁组件,钻具,connect_and_both_require_connection_hole,66,BLOCKED_RESOURCE,任务所需资源包含 RES_钻具 对应资源类型，制孔资源故障导致不可执行。
Task_制连接孔_Part_1_11_5536C10313G70_5536C10313G70_1_SubAssembly_1_33_5536C12000G42_5536C12000G42_1,制连接孔_Part_1_11_5536C10313G70_5536C10313G70_1_SubAssembly_1_33_5536C12000G42_5536C12000G42_1,PROC_制连接孔,制连接孔,Part_1_11_5536C10313G70_5536C10313G70_1;SubAssembly_1_33_5536C12000G42_5536C12000G42_1,5536C10313G70 角片;5536C12000G42 辅助梁组件,钻具,connect_and_both_require_connection_hole,67,BLOCKED_RESOURCE,任务所需资源包含 RES_钻具 对应资源类型，制孔资源故障导致不可执行。
Task_制连接孔_Part_1_12_5536C10314G70_5536C10314G70_1_SubAssembly_1_33_5536C12000G42_5536C12000G42_1,制连接孔_Part_1_12_5536C10314G70_5536C10314G70_1_SubAssembly_1_33_5536C12000G42_5536C12000G42_1,PROC_制连接孔,制连接孔,Part_1_12_5536C10314G70_5536C10314G70_1;SubAssembly_1_33_5536C12000G42_5536C12000G42_1,5536C10314G70 角片;5536C12000G42 辅助梁组件,钻具,connect_and_both_require_connection_hole,68,BLOCKED_RESOURCE,任务所需资源包含 RES_钻具 对应资源类型，制孔资源故障导致不可执行。
Task_制连接孔_Part_1_14_5536C10411G72_5536C10411G72_1_SubAssembly_1_33_5536C12000G42_5536C12000G42_1,制连接孔_Part_1_14_5536C10411G72_5536C10411G72_1_SubAssembly_1_33_5536C12000G42_5536C12000G42_1,PROC_制连接孔,制连接孔,Part_1_14_5536C10411G72_5536C10411G72_1;SubAssembly_1_33_5536C12000G42_5536C12000G42_1,5536C10411G72 4号肋;5536C12000G42 辅助梁组件,钻具,connect_and_both_require_connection_hole,69,BLOCKED_RESOURCE,任务所需资源包含 RES_钻具 对应资源类型，制孔资源故障导致不可执行。
Task_制连接孔_Part_1_15_5536C10413G72_5536C10413G72_1_SubAssembly_1_33_5536C12000G42_5536C12000G42_1,制连接孔_Part_1_15_5536C10413G72_5536C10413G72_1_SubAssembly_1_33_5536C12000G42_5536C12000G42_1,PROC_制连接孔,制连接孔,Part_1_15_5536C10413G72_5536C10413G72_1;SubAssembly_1_33_5536C12000G42_5536C12000G42_1,5536C10413G72 4号肋缘条;5536C12000G42 辅助梁组件,钻具,connect_and_both_require_connection_hole,70,BLOCKED_RESOURCE,任务所需资源包含 RES_钻具 对应资源类型，制孔资源故障导致不可执行。
Task_制连接孔_Part_1_16_5536C10414G72_5536C10414G72_1_SubAssembly_1_33_5536C12000G42_5536C12000G42_1,制连接孔_Part_1_16_5536C10414G72_5536C10414G72_1_SubAssembly_1_33_5536C12000G42_5536C12000G42_1,PROC_制连接孔,制连接孔,Part_1_16_5536C10414G72_5536C10414G72_1;SubAssembly_1_33_5536C12000G42_5536C12000G42_1,5536C10414G72 4号肋缘条;5536C12000G42 辅助梁组件,钻具,connect_and_both_require_connection_hole,71,BLOCKED_RESOURCE,任务所需资源包含 RES_钻具 对应资源类型，制孔资源故障导致不可执行。
Task_制连接孔_Part_1_18_5536C10511G72_5536C10511G72_1_SubAssembly_1_33_5536C12000G42_5536C12000G42_1,制连接孔_Part_1_18_5536C10511G72_5536C10511G72_1_SubAssembly_1_33_5536C12000G42_5536C12000G42_1,PROC_制连接孔,制连接孔,Part_1_18_5536C10511G72_5536C10511G72_1;SubAssembly_1_33_5536C12000G42_5536C12000G42_1,5536C10511G72 5号肋;5536C12000G42 辅助梁组件,钻具,connect_and_both_require_connection_hole,72,BLOCKED_RESOURCE,任务所需资源包含 RES_钻具 对应资源类型，制孔资源故障导致不可执行。
Task_制连接孔_Part_1_20_5536C10514G70_5536C10514G70_1_SubAssembly_1_33_5536C12000G42_5536C12000G42_1,制连接孔_Part_1_20_5536C10514G70_5536C10514G70_1_SubAssembly_1_33_5536C12000G42_5536C12000G42_1,PROC_制连接孔,制连接孔,Part_1_20_5536C10514G70_5536C10514G70_1;SubAssembly_1_33_5536C12000G42_5536C12000G42_1,5536C10514G70 角片;5536C12000G42 辅助梁组件,钻具,connect_and_both_require_connection_hole,73,BLOCKED_RESOURCE,任务所需资源包含 RES_钻具 对应资源类型，制孔资源故障导致不可执行。
Task_制连接孔_Part_1_19_5536C10513G70_5536C10513G70_1_SubAssembly_1_33_5536C12000G42_5536C12000G42_1,制连接孔_Part_1_19_5536C10513G70_5536C10513G70_1_SubAssembly_1_33_5536C12000G42_5536C12000G42_1,PROC_制连接孔,制连接孔,Part_1_19_5536C10513G70_5536C10513G70_1;SubAssembly_1_33_5536C12000G42_5536C12000G42_1,5536C10513G70 角片;5536C12000G42 辅助梁组件,钻具,connect_and_both_require_connection_hole,74,BLOCKED_RESOURCE,任务所需资源包含 RES_钻具 对应资源类型，制孔资源故障导致不可执行。
Task_制连接孔_Part_1_22_5536C10611G72_5536C10611G72_1_SubAssembly_1_33_5536C12000G42_5536C12000G42_1,制连接孔_Part_1_22_5536C10611G72_5536C10611G72_1_SubAssembly_1_33_5536C12000G42_5536C12000G42_1,PROC_制连接孔,制连接孔,Part_1_22_5536C10611G72_5536C10611G72_1;SubAssembly_1_33_5536C12000G42_5536C12000G42_1,5536C10611G72 6号肋;5536C12000G42 辅助梁组件,钻具,connect_and_both_require_connection_hole,75,BLOCKED_RESOURCE,任务所需资源包含 RES_钻具 对应资源类型，制孔资源故障导致不可执行。
Task_制连接孔_Part_1_24_5536C10614G70_5536C10614G70_1_SubAssembly_1_33_5536C12000G42_5536C12000G42_1,制连接孔_Part_1_24_5536C10614G70_5536C10614G70_1_SubAssembly_1_33_5536C12000G42_5536C12000G42_1,PROC_制连接孔,制连接孔,Part_1_24_5536C10614G70_5536C10614G70_1;SubAssembly_1_33_5536C12000G42_5536C12000G42_1,5536C10614G70 角片;5536C12000G42 辅助梁组件,钻具,connect_and_both_require_connection_hole,76,BLOCKED_RESOURCE,任务所需资源包含 RES_钻具 对应资源类型，制孔资源故障导致不可执行。
Task_制连接孔_Part_1_23_5536C10613G70_5536C10613G70_1_SubAssembly_1_33_5536C12000G42_5536C12000G42_1,制连接孔_Part_1_23_5536C10613G70_5536C10613G70_1_SubAssembly_1_33_5536C12000G42_5536C12000G42_1,PROC_制连接孔,制连接孔,Part_1_23_5536C10613G70_5536C10613G70_1;SubAssembly_1_33_5536C12000G42_5536C12000G42_1,5536C10613G70 角片;5536C12000G42 辅助梁组件,钻具,connect_and_both_require_connection_hole,77,BLOCKED_RESOURCE,任务所需资源包含 RES_钻具 对应资源类型，制孔资源故障导致不可执行。
Task_制连接孔_SubAssembly_1_32_5536C11008G41_5536C11008G41_SubAssembly_1_33_5536C12000G42_5536C12000G42_1,制连接孔_SubAssembly_1_32_5536C11008G41_5536C11008G41_SubAssembly_1_33_5536C12000G42_5536C12000G42_1,PROC_制连接孔,制连接孔,SubAssembly_1_32_5536C11008G41_5536C11008G41;SubAssembly_1_33_5536C12000G42_5536C12000G42_1,5536C11008G41 右侧3号夹芯板;5536C12000G42 辅助梁组件,钻具,connect_and_both_require_connection_hole,78,BLOCKED_RESOURCE,任务所需资源包含 RES_钻具 对应资源类型，制孔资源故障导致不可执行。
Task_制连接孔_SubAssembly_1_31_5536C11007G41_5536C11007G41_SubAssembly_1_33_5536C12000G42_5536C12000G42_1,制连接孔_SubAssembly_1_31_5536C11007G41_5536C11007G41_SubAssembly_1_33_5536C12000G42_5536C12000G42_1,PROC_制连接孔,制连接孔,SubAssembly_1_31_5536C11007G41_5536C11007G41;SubAssembly_1_33_5536C12000G42_5536C12000G42_1,5536C11007G41 左侧3号夹芯板;5536C12000G42 辅助梁组件,钻具,connect_and_both_require_connection_hole,79,BLOCKED_RESOURCE,任务所需资源包含 RES_钻具 对应资源类型，制孔资源故障导致不可执行。
Task_制连接孔_SubAssembly_1_29_5536C11005G41_5536C11005G41_SubAssembly_1_33_5536C12000G42_5536C12000G42_1,制连接孔_SubAssembly_1_29_5536C11005G41_5536C11005G41_SubAssembly_1_33_5536C12000G42_5536C12000G42_1,PROC_制连接孔,制连接孔,SubAssembly_1_29_5536C11005G41_5536C11005G41;SubAssembly_1_33_5536C12000G42_5536C12000G42_1,5536C11005G41 左侧2号夹芯板;5536C12000G42 辅助梁组件,钻具,connect_and_both_require_connection_hole,80,BLOCKED_RESOURCE,任务所需资源包含 RES_钻具 对应资源类型，制孔资源故障导致不可执行。
Task_制连接孔_SubAssembly_1_30_5536C11006G41_5536C11006G41_SubAssembly_1_33_5536C12000G42_5536C12000G42_1,制连接孔_SubAssembly_1_30_5536C11006G41_5536C11006G41_SubAssembly_1_33_5536C12000G42_5536C12000G42_1,PROC_制连接孔,制连接孔,SubAssembly_1_30_5536C11006G41_5536C11006G41;SubAssembly_1_33_5536C12000G42_5536C12000G42_1,5536C11006G41 右侧2号夹芯板;5536C12000G42 辅助梁组件,钻具,connect_and_both_require_connection_hole,81,BLOCKED_RESOURCE,任务所需资源包含 RES_钻具 对应资源类型，制孔资源故障导致不可执行。
Task_制连接孔_SubAssembly_1_28_5536C11004G41_5536C11004G41_SubAssembly_1_33_5536C12000G42_5536C12000G42_1,制连接孔_SubAssembly_1_28_5536C11004G41_5536C11004G41_SubAssembly_1_33_5536C12000G42_5536C12000G42_1,PROC_制连接孔,制连接孔,SubAssembly_1_28_5536C11004G41_5536C11004G41;SubAssembly_1_33_5536C12000G42_5536C12000G42_1,5536C11004G41 右侧1号夹芯板;5536C12000G42 辅助梁组件,钻具,connect_and_both_require_connection_hole,82,BLOCKED_RESOURCE,任务所需资源包含 RES_钻具 对应资源类型，制孔资源故障导致不可执行。
Task_制连接孔_SubAssembly_1_27_5536C11003G41_5536C11003G41_SubAssembly_1_33_5536C12000G42_5536C12000G42_1,制连接孔_SubAssembly_1_27_5536C11003G41_5536C11003G41_SubAssembly_1_33_5536C12000G42_5536C12000G42_1,PROC_制连接孔,制连接孔,SubAssembly_1_27_5536C11003G41_5536C11003G41;SubAssembly_1_33_5536C12000G42_5536C12000G42_1,5536C11003G41 左侧1号夹芯板;5536C12000G42 辅助梁组件,钻具,connect_and_both_require_connection_hole,83,BLOCKED_RESOURCE,任务所需资源包含 RES_钻具 对应资源类型，制孔资源故障导致不可执行。
Task_制连接孔_Part_1_2_5536C10101G71_5536C10101G71_1_Part_1_4_5536C10105G71_5536C10105G71_1,制连接孔_Part_1_2_5536C10101G71_5536C10101G71_1_Part_1_4_5536C10105G71_5536C10105G71_1,PROC_制连接孔,制连接孔,Part_1_2_5536C10101G71_5536C10101G71_1;Part_1_4_5536C10105G71_5536C10105G71_1,5536C10101G71 1号肋;5536C10105G71 1号肋,钻具,connect_and_both_require_connection_hole,84,BLOCKED_RESOURCE,任务所需资源包含 RES_钻具 对应资源类型，制孔资源故障导致不可执行。
Task_制连接孔_Part_1_4_5536C10105G71_5536C10105G71_1_SubAssembly_1_28_5536C11004G41_5536C11004G41,制连接孔_Part_1_4_5536C10105G71_5536C10105G71_1_SubAssembly_1_28_5536C11004G41_5536C11004G41,PROC_制连接孔,制连接孔,Part_1_4_5536C10105G71_5536C10105G71_1;SubAssembly_1_28_5536C11004G41_5536C11004G41,5536C10105G71 1号肋;5536C11004G41 右侧1号夹芯板,钻具,connect_and_both_require_connection_hole,85,BLOCKED_RESOURCE,任务所需资源包含 RES_钻具 对应资源类型，制孔资源故障导致不可执行。
Task_制连接孔_Part_1_4_5536C10105G71_5536C10105G71_1_SubAssembly_1_26_5536C11002G41_5536C11002G41_1,制连接孔_Part_1_4_5536C10105G71_5536C10105G71_1_SubAssembly_1_26_5536C11002G41_5536C11002G41_1,PROC_制连接孔,制连接孔,Part_1_4_5536C10105G71_5536C10105G71_1;SubAssembly_1_26_5536C11002G41_5536C11002G41_1,5536C10105G71 1号肋;5536C11002G41 右侧下封面板,钻具,connect_and_both_require_connection_hole,86,BLOCKED_RESOURCE,任务所需资源包含 RES_钻具 对应资源类型，制孔资源故障导致不可执行。
Task_制连接孔_Part_1_2_5536C10101G71_5536C10101G71_1_Part_1_3_5536C10103G71_5536C10103G71_1,制连接孔_Part_1_2_5536C10101G71_5536C10101G71_1_Part_1_3_5536C10103G71_5536C10103G71_1,PROC_制连接孔,制连接孔,Part_1_2_5536C10101G71_5536C10101G71_1;Part_1_3_5536C10103G71_5536C10103G71_1,5536C10101G71 1号肋;5536C10103G71 1号肋角材,钻具,connect_and_both_require_connection_hole,87,BLOCKED_RESOURCE,任务所需资源包含 RES_钻具 对应资源类型，制孔资源故障导致不可执行。
Task_制连接孔_Part_1_2_5536C10101G71_5536C10101G71_1_SubAssembly_1_26_5536C11002G41_5536C11002G41_1,制连接孔_Part_1_2_5536C10101G71_5536C10101G71_1_SubAssembly_1_26_5536C11002G41_5536C11002G41_1,PROC_制连接孔,制连接孔,Part_1_2_5536C10101G71_5536C10101G71_1;SubAssembly_1_26_5536C11002G41_5536C11002G41_1,5536C10101G71 1号肋;5536C11002G41 右侧下封面板,钻具,connect_and_both_require_connection_hole,88,BLOCKED_RESOURCE,任务所需资源包含 RES_钻具 对应资源类型，制孔资源故障导致不可执行。
Task_制连接孔_Part_1_2_5536C10101G71_5536C10101G71_1_SubAssembly_1_25_5536C11001G41_5536C11001G41_1,制连接孔_Part_1_2_5536C10101G71_5536C10101G71_1_SubAssembly_1_25_5536C11001G41_5536C11001G41_1,PROC_制连接孔,制连接孔,Part_1_2_5536C10101G71_5536C10101G71_1;SubAssembly_1_25_5536C11001G41_5536C11001G41_1,5536C10101G71 1号肋;5536C11001G41 左侧下封面板,钻具,connect_and_both_require_connection_hole,89,BLOCKED_RESOURCE,任务所需资源包含 RES_钻具 对应资源类型，制孔资源故障导致不可执行。
Task_制连接孔_Part_1_2_5536C10101G71_5536C10101G71_1_SubAssembly_1_27_5536C11003G41_5536C11003G41,制连接孔_Part_1_2_5536C10101G71_5536C10101G71_1_SubAssembly_1_27_5536C11003G41_5536C11003G41,PROC_制连接孔,制连接孔,Part_1_2_5536C10101G71_5536C10101G71_1;SubAssembly_1_27_5536C11003G41_5536C11003G41,5536C10101G71 1号肋;5536C11003G41 左侧1号夹芯板,钻具,connect_and_both_require_connection_hole,90,BLOCKED_RESOURCE,任务所需资源包含 RES_钻具 对应资源类型，制孔资源故障导致不可执行。
Task_制连接孔_Part_1_35_5536C14002G71_5536C14002G70_1_SubAssembly_1_28_5536C11004G41_5536C11004G41,制连接孔_Part_1_35_5536C14002G71_5536C14002G70_1_SubAssembly_1_28_5536C11004G41_5536C11004G41,PROC_制连接孔,制连接孔,Part_1_35_5536C14002G71_5536C14002G70_1;SubAssembly_1_28_5536C11004G41_5536C11004G41,5536C14002G71 1号连接带板;5536C11004G41 右侧1号夹芯板,钻具,connect_and_both_require_connection_hole,91,BLOCKED_RESOURCE,任务所需资源包含 RES_钻具 对应资源类型，制孔资源故障导致不可执行。
Task_制连接孔_Part_1_34_5536C14001G71_5536C14001G70_1_SubAssembly_1_27_5536C11003G41_5536C11003G41,制连接孔_Part_1_34_5536C14001G71_5536C14001G70_1_SubAssembly_1_27_5536C11003G41_5536C11003G41,PROC_制连接孔,制连接孔,Part_1_34_5536C14001G71_5536C14001G70_1;SubAssembly_1_27_5536C11003G41_5536C11003G41,5536C14001G71 1号连接带板;5536C11003G41 左侧1号夹芯板,钻具,connect_and_both_require_connection_hole,92,BLOCKED_RESOURCE,任务所需资源包含 RES_钻具 对应资源类型，制孔资源故障导致不可执行。
Task_制连接孔_Part_1_36_5536C14003G71_5536C14003G70_1_SubAssembly_1_29_5536C11005G41_5536C11005G41,制连接孔_Part_1_36_5536C14003G71_5536C14003G70_1_SubAssembly_1_29_5536C11005G41_5536C11005G41,PROC_制连接孔,制连接孔,Part_1_36_5536C14003G71_5536C14003G70_1;SubAssembly_1_29_5536C11005G41_5536C11005G41,5536C14003G71 2号连接带板;5536C11005G41 左侧2号夹芯板,钻具,connect_and_both_require_connection_hole,93,BLOCKED_RESOURCE,任务所需资源包含 RES_钻具 对应资源类型，制孔资源故障导致不可执行。
Task_制连接孔_Part_1_37_5536C14004G71_5536C14004G70_1_SubAssembly_1_30_5536C11006G41_5536C11006G41,制连接孔_Part_1_37_5536C14004G71_5536C14004G70_1_SubAssembly_1_30_5536C11006G41_5536C11006G41,PROC_制连接孔,制连接孔,Part_1_37_5536C14004G71_5536C14004G70_1;SubAssembly_1_30_5536C11006G41_5536C11006G41,5536C14004G71 2号连接带板;5536C11006G41 右侧2号夹芯板,钻具,connect_and_both_require_connection_hole,94,BLOCKED_RESOURCE,任务所需资源包含 RES_钻具 对应资源类型，制孔资源故障导致不可执行。
Task_制连接孔_Part_1_5_5536C10203G71_5536C10203G71_1_Part_1_6_5536C10211G71_5536C10211G71_1,制连接孔_Part_1_5_5536C10203G71_5536C10203G71_1_Part_1_6_5536C10211G71_5536C10211G71_1,PROC_制连接孔,制连接孔,Part_1_5_5536C10203G71_5536C10203G71_1;Part_1_6_5536C10211G71_5536C10211G71_1,5536C10203G71 2号肋角材;5536C10211G71 2号肋,钻具,connect_and_both_require_connection_hole,95,BLOCKED_RESOURCE,任务所需资源包含 RES_钻具 对应资源类型，制孔资源故障导致不可执行。
Task_制连接孔_Part_1_6_5536C10211G71_5536C10211G71_1_Part_1_7_5536C10213G70_5536C10213G70_1,制连接孔_Part_1_6_5536C10211G71_5536C10211G71_1_Part_1_7_5536C10213G70_5536C10213G70_1,PROC_制连接孔,制连接孔,Part_1_6_5536C10211G71_5536C10211G71_1;Part_1_7_5536C10213G70_5536C10213G70_1,5536C10211G71 2号肋;5536C10213G70 2号肋缘条,钻具,connect_and_both_require_connection_hole,96,BLOCKED_RESOURCE,任务所需资源包含 RES_钻具 对应资源类型，制孔资源故障导致不可执行。
Task_制连接孔_Part_1_6_5536C10211G71_5536C10211G71_1_Part_1_8_5536C10214G70_5536C10214G70_1,制连接孔_Part_1_6_5536C10211G71_5536C10211G71_1_Part_1_8_5536C10214G70_5536C10214G70_1,PROC_制连接孔,制连接孔,Part_1_6_5536C10211G71_5536C10211G71_1;Part_1_8_5536C10214G70_5536C10214G70_1,5536C10211G71 2号肋;5536C10214G70 2号肋缘条,钻具,connect_and_both_require_connection_hole,97,BLOCKED_RESOURCE,任务所需资源包含 RES_钻具 对应资源类型，制孔资源故障导致不可执行。
Task_制连接孔_Part_1_6_5536C10211G71_5536C10211G71_1_SubAssembly_1_28_5536C11004G41_5536C11004G41,制连接孔_Part_1_6_5536C10211G71_5536C10211G71_1_SubAssembly_1_28_5536C11004G41_5536C11004G41,PROC_制连接孔,制连接孔,Part_1_6_5536C10211G71_5536C10211G71_1;SubAssembly_1_28_5536C11004G41_5536C11004G41,5536C10211G71 2号肋;5536C11004G41 右侧1号夹芯板,钻具,connect_and_both_require_connection_hole,98,BLOCKED_RESOURCE,任务所需资源包含 RES_钻具 对应资源类型，制孔资源故障导致不可执行。
Task_制连接孔_Part_1_6_5536C10211G71_5536C10211G71_1_SubAssembly_1_27_5536C11003G41_5536C11003G41,制连接孔_Part_1_6_5536C10211G71_5536C10211G71_1_SubAssembly_1_27_5536C11003G41_5536C11003G41,PROC_制连接孔,制连接孔,Part_1_6_5536C10211G71_5536C10211G71_1;SubAssembly_1_27_5536C11003G41_5536C11003G41,5536C10211G71 2号肋;5536C11003G41 左侧1号夹芯板,钻具,connect_and_both_require_connection_hole,99,BLOCKED_RESOURCE,任务所需资源包含 RES_钻具 对应资源类型，制孔资源故障导致不可执行。
Task_制连接孔_Part_1_7_5536C10213G70_5536C10213G70_1_SubAssembly_1_29_5536C11005G41_5536C11005G41,制连接孔_Part_1_7_5536C10213G70_5536C10213G70_1_SubAssembly_1_29_5536C11005G41_5536C11005G41,PROC_制连接孔,制连接孔,Part_1_7_5536C10213G70_5536C10213G70_1;SubAssembly_1_29_5536C11005G41_5536C11005G41,5536C10213G70 2号肋缘条;5536C11005G41 左侧2号夹芯板,钻具,connect_and_both_require_connection_hole,100,BLOCKED_RESOURCE,任务所需资源包含 RES_钻具 对应资源类型，制孔资源故障导致不可执行。
Task_制连接孔_Part_1_8_5536C10214G70_5536C10214G70_1_SubAssembly_1_30_5536C11006G41_5536C11006G41,制连接孔_Part_1_8_5536C10214G70_5536C10214G70_1_SubAssembly_1_30_5536C11006G41_5536C11006G41,PROC_制连接孔,制连接孔,Part_1_8_5536C10214G70_5536C10214G70_1;SubAssembly_1_30_5536C11006G41_5536C11006G41,5536C10214G70 2号肋缘条;5536C11006G41 右侧2号夹芯板,钻具,connect_and_both_require_connection_hole,101,BLOCKED_RESOURCE,任务所需资源包含 RES_钻具 对应资源类型，制孔资源故障导致不可执行。
Task_制连接孔_Part_1_10_5536C10311G72_5536C10311G72_1_Part_1_9_5536C10303G71_5536C10303G71_1,制连接孔_Part_1_10_5536C10311G72_5536C10311G72_1_Part_1_9_5536C10303G71_5536C10303G71_1,PROC_制连接孔,制连接孔,Part_1_10_5536C10311G72_5536C10311G72_1;Part_1_9_5536C10303G71_5536C10303G71_1,5536C10311G72 3号肋;5536C10303G71 3号肋角材,钻具,connect_and_both_require_connection_hole,102,BLOCKED_RESOURCE,任务所需资源包含 RES_钻具 对应资源类型，制孔资源故障导致不可执行。
Task_制连接孔_Part_1_10_5536C10311G72_5536C10311G72_1_Part_1_11_5536C10313G70_5536C10313G70_1,制连接孔_Part_1_10_5536C10311G72_5536C10311G72_1_Part_1_11_5536C10313G70_5536C10313G70_1,PROC_制连接孔,制连接孔,Part_1_10_5536C10311G72_5536C10311G72_1;Part_1_11_5536C10313G70_5536C10313G70_1,5536C10311G72 3号肋;5536C10313G70 角片,钻具,connect_and_both_require_connection_hole,103,BLOCKED_RESOURCE,任务所需资源包含 RES_钻具 对应资源类型，制孔资源故障导致不可执行。
Task_制连接孔_Part_1_10_5536C10311G72_5536C10311G72_1_Part_1_12_5536C10314G70_5536C10314G70_1,制连接孔_Part_1_10_5536C10311G72_5536C10311G72_1_Part_1_12_5536C10314G70_5536C10314G70_1,PROC_制连接孔,制连接孔,Part_1_10_5536C10311G72_5536C10311G72_1;Part_1_12_5536C10314G70_5536C10314G70_1,5536C10311G72 3号肋;5536C10314G70 角片,钻具,connect_and_both_require_connection_hole,104,BLOCKED_RESOURCE,任务所需资源包含 RES_钻具 对应资源类型，制孔资源故障导致不可执行。
Task_制连接孔_Part_1_10_5536C10311G72_5536C10311G72_1_SubAssembly_1_29_5536C11005G41_5536C11005G41,制连接孔_Part_1_10_5536C10311G72_5536C10311G72_1_SubAssembly_1_29_5536C11005G41_5536C11005G41,PROC_制连接孔,制连接孔,Part_1_10_5536C10311G72_5536C10311G72_1;SubAssembly_1_29_5536C11005G41_5536C11005G41,5536C10311G72 3号肋;5536C11005G41 左侧2号夹芯板,钻具,connect_and_both_require_connection_hole,105,BLOCKED_RESOURCE,任务所需资源包含 RES_钻具 对应资源类型，制孔资源故障导致不可执行。
Task_制连接孔_Part_1_10_5536C10311G72_5536C10311G72_1_SubAssembly_1_30_5536C11006G41_5536C11006G41,制连接孔_Part_1_10_5536C10311G72_5536C10311G72_1_SubAssembly_1_30_5536C11006G41_5536C11006G41,PROC_制连接孔,制连接孔,Part_1_10_5536C10311G72_5536C10311G72_1;SubAssembly_1_30_5536C11006G41_5536C11006G41,5536C10311G72 3号肋;5536C11006G41 右侧2号夹芯板,钻具,connect_and_both_require_connection_hole,106,BLOCKED_RESOURCE,任务所需资源包含 RES_钻具 对应资源类型，制孔资源故障导致不可执行。
Task_制连接孔_Part_1_39_5536C14006G71_5536C14006G71_1_SubAssembly_1_30_5536C11006G41_5536C11006G41,制连接孔_Part_1_39_5536C14006G71_5536C14006G71_1_SubAssembly_1_30_5536C11006G41_5536C11006G41,PROC_制连接孔,制连接孔,Part_1_39_5536C14006G71_5536C14006G71_1;SubAssembly_1_30_5536C11006G41_5536C11006G41,5536C14006G71 3号连接带板;5536C11006G41 右侧2号夹芯板,钻具,connect_and_both_require_connection_hole,107,BLOCKED_RESOURCE,任务所需资源包含 RES_钻具 对应资源类型，制孔资源故障导致不可执行。
Task_制连接孔_Part_1_38_5536C14005G71_5536C14005G71_1_SubAssembly_1_29_5536C11005G41_5536C11005G41,制连接孔_Part_1_38_5536C14005G71_5536C14005G71_1_SubAssembly_1_29_5536C11005G41_5536C11005G41,PROC_制连接孔,制连接孔,Part_1_38_5536C14005G71_5536C14005G71_1;SubAssembly_1_29_5536C11005G41_5536C11005G41,5536C14005G71 3号连接带板;5536C11005G41 左侧2号夹芯板,钻具,connect_and_both_require_connection_hole,108,BLOCKED_RESOURCE,任务所需资源包含 RES_钻具 对应资源类型，制孔资源故障导致不可执行。
Task_制连接孔_Part_1_13_5536C10403G71_5536C10403G71_1_Part_1_14_5536C10411G72_5536C10411G72_1,制连接孔_Part_1_13_5536C10403G71_5536C10403G71_1_Part_1_14_5536C10411G72_5536C10411G72_1,PROC_制连接孔,制连接孔,Part_1_13_5536C10403G71_5536C10403G71_1;Part_1_14_5536C10411G72_5536C10411G72_1,5536C10403G71 4号肋角材;5536C10411G72 4号肋,钻具,connect_and_both_require_connection_hole,109,BLOCKED_RESOURCE,任务所需资源包含 RES_钻具 对应资源类型，制孔资源故障导致不可执行。
Task_制连接孔_Part_1_14_5536C10411G72_5536C10411G72_1_Part_1_15_5536C10413G72_5536C10413G72_1,制连接孔_Part_1_14_5536C10411G72_5536C10411G72_1_Part_1_15_5536C10413G72_5536C10413G72_1,PROC_制连接孔,制连接孔,Part_1_14_5536C10411G72_5536C10411G72_1;Part_1_15_5536C10413G72_5536C10413G72_1,5536C10411G72 4号肋;5536C10413G72 4号肋缘条,钻具,connect_and_both_require_connection_hole,110,BLOCKED_RESOURCE,任务所需资源包含 RES_钻具 对应资源类型，制孔资源故障导致不可执行。
Task_制连接孔_Part_1_14_5536C10411G72_5536C10411G72_1_Part_1_16_5536C10414G72_5536C10414G72_1,制连接孔_Part_1_14_5536C10411G72_5536C10411G72_1_Part_1_16_5536C10414G72_5536C10414G72_1,PROC_制连接孔,制连接孔,Part_1_14_5536C10411G72_5536C10411G72_1;Part_1_16_5536C10414G72_5536C10414G72_1,5536C10411G72 4号肋;5536C10414G72 4号肋缘条,钻具,connect_and_both_require_connection_hole,111,BLOCKED_RESOURCE,任务所需资源包含 RES_钻具 对应资源类型，制孔资源故障导致不可执行。
Task_制连接孔_Part_1_14_5536C10411G72_5536C10411G72_1_SubAssembly_1_29_5536C11005G41_5536C11005G41,制连接孔_Part_1_14_5536C10411G72_5536C10411G72_1_SubAssembly_1_29_5536C11005G41_5536C11005G41,PROC_制连接孔,制连接孔,Part_1_14_5536C10411G72_5536C10411G72_1;SubAssembly_1_29_5536C11005G41_5536C11005G41,5536C10411G72 4号肋;5536C11005G41 左侧2号夹芯板,钻具,connect_and_both_require_connection_hole,112,BLOCKED_RESOURCE,任务所需资源包含 RES_钻具 对应资源类型，制孔资源故障导致不可执行。
Task_制连接孔_Part_1_14_5536C10411G72_5536C10411G72_1_SubAssembly_1_30_5536C11006G41_5536C11006G41,制连接孔_Part_1_14_5536C10411G72_5536C10411G72_1_SubAssembly_1_30_5536C11006G41_5536C11006G41,PROC_制连接孔,制连接孔,Part_1_14_5536C10411G72_5536C10411G72_1;SubAssembly_1_30_5536C11006G41_5536C11006G41,5536C10411G72 4号肋;5536C11006G41 右侧2号夹芯板,钻具,connect_and_both_require_connection_hole,113,BLOCKED_RESOURCE,任务所需资源包含 RES_钻具 对应资源类型，制孔资源故障导致不可执行。
Task_制连接孔_Part_1_15_5536C10413G72_5536C10413G72_1_SubAssembly_1_31_5536C11007G41_5536C11007G41,制连接孔_Part_1_15_5536C10413G72_5536C10413G72_1_SubAssembly_1_31_5536C11007G41_5536C11007G41,PROC_制连接孔,制连接孔,Part_1_15_5536C10413G72_5536C10413G72_1;SubAssembly_1_31_5536C11007G41_5536C11007G41,5536C10413G72 4号肋缘条;5536C11007G41 左侧3号夹芯板,钻具,connect_and_both_require_connection_hole,114,BLOCKED_RESOURCE,任务所需资源包含 RES_钻具 对应资源类型，制孔资源故障导致不可执行。
Task_制连接孔_Part_1_16_5536C10414G72_5536C10414G72_1_SubAssembly_1_32_5536C11008G41_5536C11008G41,制连接孔_Part_1_16_5536C10414G72_5536C10414G72_1_SubAssembly_1_32_5536C11008G41_5536C11008G41,PROC_制连接孔,制连接孔,Part_1_16_5536C10414G72_5536C10414G72_1;SubAssembly_1_32_5536C11008G41_5536C11008G41,5536C10414G72 4号肋缘条;5536C11008G41 右侧3号夹芯板,钻具,connect_and_both_require_connection_hole,115,BLOCKED_RESOURCE,任务所需资源包含 RES_钻具 对应资源类型，制孔资源故障导致不可执行。
Task_制连接孔_Part_1_40_5536C14007G71_5536C14007G71_1_SubAssembly_1_31_5536C11007G41_5536C11007G41,制连接孔_Part_1_40_5536C14007G71_5536C14007G71_1_SubAssembly_1_31_5536C11007G41_5536C11007G41,PROC_制连接孔,制连接孔,Part_1_40_5536C14007G71_5536C14007G71_1;SubAssembly_1_31_5536C11007G41_5536C11007G41,5536C14007G71 4号连接带板;5536C11007G41 左侧3号夹芯板,钻具,connect_and_both_require_connection_hole,116,BLOCKED_RESOURCE,任务所需资源包含 RES_钻具 对应资源类型，制孔资源故障导致不可执行。
Task_制连接孔_Part_1_41_5536C14008G71_5536C14008G71_1_SubAssembly_1_32_5536C11008G41_5536C11008G41,制连接孔_Part_1_41_5536C14008G71_5536C14008G71_1_SubAssembly_1_32_5536C11008G41_5536C11008G41,PROC_制连接孔,制连接孔,Part_1_41_5536C14008G71_5536C14008G71_1;SubAssembly_1_32_5536C11008G41_5536C11008G41,5536C14008G71 4号连接带板;5536C11008G41 右侧3号夹芯板,钻具,connect_and_both_require_connection_hole,117,BLOCKED_RESOURCE,任务所需资源包含 RES_钻具 对应资源类型，制孔资源故障导致不可执行。
Task_制连接孔_Part_1_17_5536C10503G71_5536C10503G70_1_Part_1_18_5536C10511G72_5536C10511G72_1,制连接孔_Part_1_17_5536C10503G71_5536C10503G70_1_Part_1_18_5536C10511G72_5536C10511G72_1,PROC_制连接孔,制连接孔,Part_1_17_5536C10503G71_5536C10503G70_1;Part_1_18_5536C10511G72_5536C10511G72_1,5536C10503G71 5号肋角材;5536C10511G72 5号肋,钻具,connect_and_both_require_connection_hole,118,BLOCKED_RESOURCE,任务所需资源包含 RES_钻具 对应资源类型，制孔资源故障导致不可执行。
Task_制连接孔_Part_1_18_5536C10511G72_5536C10511G72_1_Part_1_20_5536C10514G70_5536C10514G70_1,制连接孔_Part_1_18_5536C10511G72_5536C10511G72_1_Part_1_20_5536C10514G70_5536C10514G70_1,PROC_制连接孔,制连接孔,Part_1_18_5536C10511G72_5536C10511G72_1;Part_1_20_5536C10514G70_5536C10514G70_1,5536C10511G72 5号肋;5536C10514G70 角片,钻具,connect_and_both_require_connection_hole,119,BLOCKED_RESOURCE,任务所需资源包含 RES_钻具 对应资源类型，制孔资源故障导致不可执行。
Task_制连接孔_Part_1_18_5536C10511G72_5536C10511G72_1_Part_1_19_5536C10513G70_5536C10513G70_1,制连接孔_Part_1_18_5536C10511G72_5536C10511G72_1_Part_1_19_5536C10513G70_5536C10513G70_1,PROC_制连接孔,制连接孔,Part_1_18_5536C10511G72_5536C10511G72_1;Part_1_19_5536C10513G70_5536C10513G70_1,5536C10511G72 5号肋;5536C10513G70 角片,钻具,connect_and_both_require_connection_hole,120,BLOCKED_RESOURCE,任务所需资源包含 RES_钻具 对应资源类型，制孔资源故障导致不可执行。
Task_制连接孔_Part_1_18_5536C10511G72_5536C10511G72_1_SubAssembly_1_32_5536C11008G41_5536C11008G41,制连接孔_Part_1_18_5536C10511G72_5536C10511G72_1_SubAssembly_1_32_5536C11008G41_5536C11008G41,PROC_制连接孔,制连接孔,Part_1_18_5536C10511G72_5536C10511G72_1;SubAssembly_1_32_5536C11008G41_5536C11008G41,5536C10511G72 5号肋;5536C11008G41 右侧3号夹芯板,钻具,connect_and_both_require_connection_hole,121,BLOCKED_RESOURCE,任务所需资源包含 RES_钻具 对应资源类型，制孔资源故障导致不可执行。
Task_制连接孔_Part_1_18_5536C10511G72_5536C10511G72_1_SubAssembly_1_31_5536C11007G41_5536C11007G41,制连接孔_Part_1_18_5536C10511G72_5536C10511G72_1_SubAssembly_1_31_5536C11007G41_5536C11007G41,PROC_制连接孔,制连接孔,Part_1_18_5536C10511G72_5536C10511G72_1;SubAssembly_1_31_5536C11007G41_5536C11007G41,5536C10511G72 5号肋;5536C11007G41 左侧3号夹芯板,钻具,connect_and_both_require_connection_hole,122,BLOCKED_RESOURCE,任务所需资源包含 RES_钻具 对应资源类型，制孔资源故障导致不可执行。
Task_制连接孔_Part_1_42_5536C14009G71_5536C14009G72_1_SubAssembly_1_31_5536C11007G41_5536C11007G41,制连接孔_Part_1_42_5536C14009G71_5536C14009G72_1_SubAssembly_1_31_5536C11007G41_5536C11007G41,PROC_制连接孔,制连接孔,Part_1_42_5536C14009G71_5536C14009G72_1;SubAssembly_1_31_5536C11007G41_5536C11007G41,5536C14009G71 5号连接带板;5536C11007G41 左侧3号夹芯板,钻具,connect_and_both_require_connection_hole,123,BLOCKED_RESOURCE,任务所需资源包含 RES_钻具 对应资源类型，制孔资源故障导致不可执行。
Task_制连接孔_Part_1_43_5536C14010G71_5536C14010G72_1_SubAssembly_1_32_5536C11008G41_5536C11008G41,制连接孔_Part_1_43_5536C14010G71_5536C14010G72_1_SubAssembly_1_32_5536C11008G41_5536C11008G41,PROC_制连接孔,制连接孔,Part_1_43_5536C14010G71_5536C14010G72_1;SubAssembly_1_32_5536C11008G41_5536C11008G41,5536C14010G71 5号连接带板;5536C11008G41 右侧3号夹芯板,钻具,connect_and_both_require_connection_hole,124,BLOCKED_RESOURCE,任务所需资源包含 RES_钻具 对应资源类型，制孔资源故障导致不可执行。
Task_制连接孔_Part_1_21_5536C10603G71_5536C10603G71_1_Part_1_22_5536C10611G72_5536C10611G72_1,制连接孔_Part_1_21_5536C10603G71_5536C10603G71_1_Part_1_22_5536C10611G72_5536C10611G72_1,PROC_制连接孔,制连接孔,Part_1_21_5536C10603G71_5536C10603G71_1;Part_1_22_5536C10611G72_5536C10611G72_1,5536C10603G71 6号肋角材;5536C10611G72 6号肋,钻具,connect_and_both_require_connection_hole,125,BLOCKED_RESOURCE,任务所需资源包含 RES_钻具 对应资源类型，制孔资源故障导致不可执行。
Task_制连接孔_Part_1_22_5536C10611G72_5536C10611G72_1_Part_1_24_5536C10614G70_5536C10614G70_1,制连接孔_Part_1_22_5536C10611G72_5536C10611G72_1_Part_1_24_5536C10614G70_5536C10614G70_1,PROC_制连接孔,制连接孔,Part_1_22_5536C10611G72_5536C10611G72_1;Part_1_24_5536C10614G70_5536C10614G70_1,5536C10611G72 6号肋;5536C10614G70 角片,钻具,connect_and_both_require_connection_hole,126,BLOCKED_RESOURCE,任务所需资源包含 RES_钻具 对应资源类型，制孔资源故障导致不可执行。
Task_制连接孔_Part_1_22_5536C10611G72_5536C10611G72_1_Part_1_23_5536C10613G70_5536C10613G70_1,制连接孔_Part_1_22_5536C10611G72_5536C10611G72_1_Part_1_23_5536C10613G70_5536C10613G70_1,PROC_制连接孔,制连接孔,Part_1_22_5536C10611G72_5536C10611G72_1;Part_1_23_5536C10613G70_5536C10613G70_1,5536C10611G72 6号肋;5536C10613G70 角片,钻具,connect_and_both_require_connection_hole,127,BLOCKED_RESOURCE,任务所需资源包含 RES_钻具 对应资源类型，制孔资源故障导致不可执行。
Task_制连接孔_Part_1_22_5536C10611G72_5536C10611G72_1_SubAssembly_1_32_5536C11008G41_5536C11008G41,制连接孔_Part_1_22_5536C10611G72_5536C10611G72_1_SubAssembly_1_32_5536C11008G41_5536C11008G41,PROC_制连接孔,制连接孔,Part_1_22_5536C10611G72_5536C10611G72_1;SubAssembly_1_32_5536C11008G41_5536C11008G41,5536C10611G72 6号肋;5536C11008G41 右侧3号夹芯板,钻具,connect_and_both_require_connection_hole,128,BLOCKED_RESOURCE,任务所需资源包含 RES_钻具 对应资源类型，制孔资源故障导致不可执行。
Task_制连接孔_Part_1_22_5536C10611G72_5536C10611G72_1_SubAssembly_1_31_5536C11007G41_5536C11007G41,制连接孔_Part_1_22_5536C10611G72_5536C10611G72_1_SubAssembly_1_31_5536C11007G41_5536C11007G41,PROC_制连接孔,制连接孔,Part_1_22_5536C10611G72_5536C10611G72_1;SubAssembly_1_31_5536C11007G41_5536C11007G41,5536C10611G72 6号肋;5536C11007G41 左侧3号夹芯板,钻具,connect_and_both_require_connection_hole,129,BLOCKED_RESOURCE,任务所需资源包含 RES_钻具 对应资源类型，制孔资源故障导致不可执行。
Task_制连接孔_Part_1_44_5536C14011G71_5536C14011G71_1_SubAssembly_1_31_5536C11007G41_5536C11007G41,制连接孔_Part_1_44_5536C14011G71_5536C14011G71_1_SubAssembly_1_31_5536C11007G41_5536C11007G41,PROC_制连接孔,制连接孔,Part_1_44_5536C14011G71_5536C14011G71_1;SubAssembly_1_31_5536C11007G41_5536C11007G41,5536C14011G71 6号连接带板;5536C11007G41 左侧3号夹芯板,钻具,connect_and_both_require_connection_hole,130,BLOCKED_RESOURCE,任务所需资源包含 RES_钻具 对应资源类型，制孔资源故障导致不可执行。
Task_制连接孔_Part_1_45_5536C14012G71_5536C14012G71_1_SubAssembly_1_32_5536C11008G41_5536C11008G41,制连接孔_Part_1_45_5536C14012G71_5536C14012G71_1_SubAssembly_1_32_5536C11008G41_5536C11008G41,PROC_制连接孔,制连接孔,Part_1_45_5536C14012G71_5536C14012G71_1;SubAssembly_1_32_5536C11008G41_5536C11008G41,5536C14012G71 6号连接带板;5536C11008G41 右侧3号夹芯板,钻具,connect_and_both_require_connection_hole,131,BLOCKED_RESOURCE,任务所需资源包含 RES_钻具 对应资源类型，制孔资源故障导致不可执行。
Task_安装紧固件_Part_1_4_5536C10105G71_5536C10105G71_1_SubAssembly_1_33_5536C12000G42_5536C12000G42_1,安装紧固件_Part_1_4_5536C10105G71_5536C10105G71_1_SubAssembly_1_33_5536C12000G42_5536C12000G42_1,PROC_安装紧固件,安装紧固件,Part_1_4_5536C10105G71_5536C10105G71_1;SubAssembly_1_33_5536C12000G42_5536C12000G42_1,5536C10105G71 1号肋;5536C12000G42 辅助梁组件,铆接工具,connect_and_both_require_fastener_install,132,BLOCKED_PRECEDENCE,前序制孔任务已被资源故障阻断，当前任务等待前驱完成。
Task_安装紧固件_Part_1_2_5536C10101G71_5536C10101G71_1_SubAssembly_1_33_5536C12000G42_5536C12000G42_1,安装紧固件_Part_1_2_5536C10101G71_5536C10101G71_1_SubAssembly_1_33_5536C12000G42_5536C12000G42_1,PROC_安装紧固件,安装紧固件,Part_1_2_5536C10101G71_5536C10101G71_1;SubAssembly_1_33_5536C12000G42_5536C12000G42_1,5536C10101G71 1号肋;5536C12000G42 辅助梁组件,铆接工具,connect_and_both_require_fastener_install,133,BLOCKED_PRECEDENCE,前序制孔任务已被资源故障阻断，当前任务等待前驱完成。
Task_安装紧固件_Part_1_6_5536C10211G71_5536C10211G71_1_SubAssembly_1_33_5536C12000G42_5536C12000G42_1,安装紧固件_Part_1_6_5536C10211G71_5536C10211G71_1_SubAssembly_1_33_5536C12000G42_5536C12000G42_1,PROC_安装紧固件,安装紧固件,Part_1_6_5536C10211G71_5536C10211G71_1;SubAssembly_1_33_5536C12000G42_5536C12000G42_1,5536C10211G71 2号肋;5536C12000G42 辅助梁组件,铆接工具,connect_and_both_require_fastener_install,134,BLOCKED_PRECEDENCE,前序制孔任务已被资源故障阻断，当前任务等待前驱完成。
Task_安装紧固件_Part_1_7_5536C10213G70_5536C10213G70_1_SubAssembly_1_33_5536C12000G42_5536C12000G42_1,安装紧固件_Part_1_7_5536C10213G70_5536C10213G70_1_SubAssembly_1_33_5536C12000G42_5536C12000G42_1,PROC_安装紧固件,安装紧固件,Part_1_7_5536C10213G70_5536C10213G70_1;SubAssembly_1_33_5536C12000G42_5536C12000G42_1,5536C10213G70 2号肋缘条;5536C12000G42 辅助梁组件,铆接工具,connect_and_both_require_fastener_install,135,BLOCKED_PRECEDENCE,前序制孔任务已被资源故障阻断，当前任务等待前驱完成。
Task_安装紧固件_Part_1_8_5536C10214G70_5536C10214G70_1_SubAssembly_1_33_5536C12000G42_5536C12000G42_1,安装紧固件_Part_1_8_5536C10214G70_5536C10214G70_1_SubAssembly_1_33_5536C12000G42_5536C12000G42_1,PROC_安装紧固件,安装紧固件,Part_1_8_5536C10214G70_5536C10214G70_1;SubAssembly_1_33_5536C12000G42_5536C12000G42_1,5536C10214G70 2号肋缘条;5536C12000G42 辅助梁组件,铆接工具,connect_and_both_require_fastener_install,136,BLOCKED_PRECEDENCE,前序制孔任务已被资源故障阻断，当前任务等待前驱完成。
Task_安装紧固件_Part_1_10_5536C10311G72_5536C10311G72_1_SubAssembly_1_33_5536C12000G42_5536C12000G42_1,安装紧固件_Part_1_10_5536C10311G72_5536C10311G72_1_SubAssembly_1_33_5536C12000G42_5536C12000G42_1,PROC_安装紧固件,安装紧固件,Part_1_10_5536C10311G72_5536C10311G72_1;SubAssembly_1_33_5536C12000G42_5536C12000G42_1,5536C10311G72 3号肋;5536C12000G42 辅助梁组件,铆接工具,connect_and_both_require_fastener_install,137,BLOCKED_PRECEDENCE,前序制孔任务已被资源故障阻断，当前任务等待前驱完成。
Task_安装紧固件_Part_1_11_5536C10313G70_5536C10313G70_1_SubAssembly_1_33_5536C12000G42_5536C12000G42_1,安装紧固件_Part_1_11_5536C10313G70_5536C10313G70_1_SubAssembly_1_33_5536C12000G42_5536C12000G42_1,PROC_安装紧固件,安装紧固件,Part_1_11_5536C10313G70_5536C10313G70_1;SubAssembly_1_33_5536C12000G42_5536C12000G42_1,5536C10313G70 角片;5536C12000G42 辅助梁组件,铆接工具,connect_and_both_require_fastener_install,138,BLOCKED_PRECEDENCE,前序制孔任务已被资源故障阻断，当前任务等待前驱完成。
Task_安装紧固件_Part_1_12_5536C10314G70_5536C10314G70_1_SubAssembly_1_33_5536C12000G42_5536C12000G42_1,安装紧固件_Part_1_12_5536C10314G70_5536C10314G70_1_SubAssembly_1_33_5536C12000G42_5536C12000G42_1,PROC_安装紧固件,安装紧固件,Part_1_12_5536C10314G70_5536C10314G70_1;SubAssembly_1_33_5536C12000G42_5536C12000G42_1,5536C10314G70 角片;5536C12000G42 辅助梁组件,铆接工具,connect_and_both_require_fastener_install,139,BLOCKED_PRECEDENCE,前序制孔任务已被资源故障阻断，当前任务等待前驱完成。
Task_安装紧固件_Part_1_14_5536C10411G72_5536C10411G72_1_SubAssembly_1_33_5536C12000G42_5536C12000G42_1,安装紧固件_Part_1_14_5536C10411G72_5536C10411G72_1_SubAssembly_1_33_5536C12000G42_5536C12000G42_1,PROC_安装紧固件,安装紧固件,Part_1_14_5536C10411G72_5536C10411G72_1;SubAssembly_1_33_5536C12000G42_5536C12000G42_1,5536C10411G72 4号肋;5536C12000G42 辅助梁组件,铆接工具,connect_and_both_require_fastener_install,140,BLOCKED_PRECEDENCE,前序制孔任务已被资源故障阻断，当前任务等待前驱完成。
Task_安装紧固件_Part_1_15_5536C10413G72_5536C10413G72_1_SubAssembly_1_33_5536C12000G42_5536C12000G42_1,安装紧固件_Part_1_15_5536C10413G72_5536C10413G72_1_SubAssembly_1_33_5536C12000G42_5536C12000G42_1,PROC_安装紧固件,安装紧固件,Part_1_15_5536C10413G72_5536C10413G72_1;SubAssembly_1_33_5536C12000G42_5536C12000G42_1,5536C10413G72 4号肋缘条;5536C12000G42 辅助梁组件,铆接工具,connect_and_both_require_fastener_install,141,BLOCKED_PRECEDENCE,前序制孔任务已被资源故障阻断，当前任务等待前驱完成。
Task_安装紧固件_Part_1_16_5536C10414G72_5536C10414G72_1_SubAssembly_1_33_5536C12000G42_5536C12000G42_1,安装紧固件_Part_1_16_5536C10414G72_5536C10414G72_1_SubAssembly_1_33_5536C12000G42_5536C12000G42_1,PROC_安装紧固件,安装紧固件,Part_1_16_5536C10414G72_5536C10414G72_1;SubAssembly_1_33_5536C12000G42_5536C12000G42_1,5536C10414G72 4号肋缘条;5536C12000G42 辅助梁组件,铆接工具,connect_and_both_require_fastener_install,142,BLOCKED_PRECEDENCE,前序制孔任务已被资源故障阻断，当前任务等待前驱完成。
Task_安装紧固件_Part_1_18_5536C10511G72_5536C10511G72_1_SubAssembly_1_33_5536C12000G42_5536C12000G42_1,安装紧固件_Part_1_18_5536C10511G72_5536C10511G72_1_SubAssembly_1_33_5536C12000G42_5536C12000G42_1,PROC_安装紧固件,安装紧固件,Part_1_18_5536C10511G72_5536C10511G72_1;SubAssembly_1_33_5536C12000G42_5536C12000G42_1,5536C10511G72 5号肋;5536C12000G42 辅助梁组件,铆接工具,connect_and_both_require_fastener_install,143,BLOCKED_PRECEDENCE,前序制孔任务已被资源故障阻断，当前任务等待前驱完成。
Task_安装紧固件_Part_1_20_5536C10514G70_5536C10514G70_1_SubAssembly_1_33_5536C12000G42_5536C12000G42_1,安装紧固件_Part_1_20_5536C10514G70_5536C10514G70_1_SubAssembly_1_33_5536C12000G42_5536C12000G42_1,PROC_安装紧固件,安装紧固件,Part_1_20_5536C10514G70_5536C10514G70_1;SubAssembly_1_33_5536C12000G42_5536C12000G42_1,5536C10514G70 角片;5536C12000G42 辅助梁组件,铆接工具,connect_and_both_require_fastener_install,144,BLOCKED_PRECEDENCE,前序制孔任务已被资源故障阻断，当前任务等待前驱完成。
Task_安装紧固件_Part_1_19_5536C10513G70_5536C10513G70_1_SubAssembly_1_33_5536C12000G42_5536C12000G42_1,安装紧固件_Part_1_19_5536C10513G70_5536C10513G70_1_SubAssembly_1_33_5536C12000G42_5536C12000G42_1,PROC_安装紧固件,安装紧固件,Part_1_19_5536C10513G70_5536C10513G70_1;SubAssembly_1_33_5536C12000G42_5536C12000G42_1,5536C10513G70 角片;5536C12000G42 辅助梁组件,铆接工具,connect_and_both_require_fastener_install,145,BLOCKED_PRECEDENCE,前序制孔任务已被资源故障阻断，当前任务等待前驱完成。
Task_安装紧固件_Part_1_22_5536C10611G72_5536C10611G72_1_SubAssembly_1_33_5536C12000G42_5536C12000G42_1,安装紧固件_Part_1_22_5536C10611G72_5536C10611G72_1_SubAssembly_1_33_5536C12000G42_5536C12000G42_1,PROC_安装紧固件,安装紧固件,Part_1_22_5536C10611G72_5536C10611G72_1;SubAssembly_1_33_5536C12000G42_5536C12000G42_1,5536C10611G72 6号肋;5536C12000G42 辅助梁组件,铆接工具,connect_and_both_require_fastener_install,146,BLOCKED_PRECEDENCE,前序制孔任务已被资源故障阻断，当前任务等待前驱完成。
Task_安装紧固件_Part_1_24_5536C10614G70_5536C10614G70_1_SubAssembly_1_33_5536C12000G42_5536C12000G42_1,安装紧固件_Part_1_24_5536C10614G70_5536C10614G70_1_SubAssembly_1_33_5536C12000G42_5536C12000G42_1,PROC_安装紧固件,安装紧固件,Part_1_24_5536C10614G70_5536C10614G70_1;SubAssembly_1_33_5536C12000G42_5536C12000G42_1,5536C10614G70 角片;5536C12000G42 辅助梁组件,铆接工具,connect_and_both_require_fastener_install,147,BLOCKED_PRECEDENCE,前序制孔任务已被资源故障阻断，当前任务等待前驱完成。
Task_安装紧固件_Part_1_23_5536C10613G70_5536C10613G70_1_SubAssembly_1_33_5536C12000G42_5536C12000G42_1,安装紧固件_Part_1_23_5536C10613G70_5536C10613G70_1_SubAssembly_1_33_5536C12000G42_5536C12000G42_1,PROC_安装紧固件,安装紧固件,Part_1_23_5536C10613G70_5536C10613G70_1;SubAssembly_1_33_5536C12000G42_5536C12000G42_1,5536C10613G70 角片;5536C12000G42 辅助梁组件,铆接工具,connect_and_both_require_fastener_install,148,BLOCKED_PRECEDENCE,前序制孔任务已被资源故障阻断，当前任务等待前驱完成。
Task_安装紧固件_SubAssembly_1_32_5536C11008G41_5536C11008G41_SubAssembly_1_33_5536C12000G42_5536C12000G42_1,安装紧固件_SubAssembly_1_32_5536C11008G41_5536C11008G41_SubAssembly_1_33_5536C12000G42_5536C12000G42_1,PROC_安装紧固件,安装紧固件,SubAssembly_1_32_5536C11008G41_5536C11008G41;SubAssembly_1_33_5536C12000G42_5536C12000G42_1,5536C11008G41 右侧3号夹芯板;5536C12000G42 辅助梁组件,铆接工具,connect_and_both_require_fastener_install,149,BLOCKED_PRECEDENCE,前序制孔任务已被资源故障阻断，当前任务等待前驱完成。
Task_安装紧固件_SubAssembly_1_31_5536C11007G41_5536C11007G41_SubAssembly_1_33_5536C12000G42_5536C12000G42_1,安装紧固件_SubAssembly_1_31_5536C11007G41_5536C11007G41_SubAssembly_1_33_5536C12000G42_5536C12000G42_1,PROC_安装紧固件,安装紧固件,SubAssembly_1_31_5536C11007G41_5536C11007G41;SubAssembly_1_33_5536C12000G42_5536C12000G42_1,5536C11007G41 左侧3号夹芯板;5536C12000G42 辅助梁组件,铆接工具,connect_and_both_require_fastener_install,150,BLOCKED_PRECEDENCE,前序制孔任务已被资源故障阻断，当前任务等待前驱完成。
Task_安装紧固件_SubAssembly_1_29_5536C11005G41_5536C11005G41_SubAssembly_1_33_5536C12000G42_5536C12000G42_1,安装紧固件_SubAssembly_1_29_5536C11005G41_5536C11005G41_SubAssembly_1_33_5536C12000G42_5536C12000G42_1,PROC_安装紧固件,安装紧固件,SubAssembly_1_29_5536C11005G41_5536C11005G41;SubAssembly_1_33_5536C12000G42_5536C12000G42_1,5536C11005G41 左侧2号夹芯板;5536C12000G42 辅助梁组件,铆接工具,connect_and_both_require_fastener_install,151,BLOCKED_PRECEDENCE,前序制孔任务已被资源故障阻断，当前任务等待前驱完成。
Task_安装紧固件_SubAssembly_1_30_5536C11006G41_5536C11006G41_SubAssembly_1_33_5536C12000G42_5536C12000G42_1,安装紧固件_SubAssembly_1_30_5536C11006G41_5536C11006G41_SubAssembly_1_33_5536C12000G42_5536C12000G42_1,PROC_安装紧固件,安装紧固件,SubAssembly_1_30_5536C11006G41_5536C11006G41;SubAssembly_1_33_5536C12000G42_5536C12000G42_1,5536C11006G41 右侧2号夹芯板;5536C12000G42 辅助梁组件,铆接工具,connect_and_both_require_fastener_install,152,BLOCKED_PRECEDENCE,前序制孔任务已被资源故障阻断，当前任务等待前驱完成。
Task_安装紧固件_SubAssembly_1_28_5536C11004G41_5536C11004G41_SubAssembly_1_33_5536C12000G42_5536C12000G42_1,安装紧固件_SubAssembly_1_28_5536C11004G41_5536C11004G41_SubAssembly_1_33_5536C12000G42_5536C12000G42_1,PROC_安装紧固件,安装紧固件,SubAssembly_1_28_5536C11004G41_5536C11004G41;SubAssembly_1_33_5536C12000G42_5536C12000G42_1,5536C11004G41 右侧1号夹芯板;5536C12000G42 辅助梁组件,铆接工具,connect_and_both_require_fastener_install,153,BLOCKED_PRECEDENCE,前序制孔任务已被资源故障阻断，当前任务等待前驱完成。
Task_安装紧固件_SubAssembly_1_27_5536C11003G41_5536C11003G41_SubAssembly_1_33_5536C12000G42_5536C12000G42_1,安装紧固件_SubAssembly_1_27_5536C11003G41_5536C11003G41_SubAssembly_1_33_5536C12000G42_5536C12000G42_1,PROC_安装紧固件,安装紧固件,SubAssembly_1_27_5536C11003G41_5536C11003G41;SubAssembly_1_33_5536C12000G42_5536C12000G42_1,5536C11003G41 左侧1号夹芯板;5536C12000G42 辅助梁组件,铆接工具,connect_and_both_require_fastener_install,154,BLOCKED_PRECEDENCE,前序制孔任务已被资源故障阻断，当前任务等待前驱完成。
Task_安装紧固件_Part_1_2_5536C10101G71_5536C10101G71_1_Part_1_4_5536C10105G71_5536C10105G71_1,安装紧固件_Part_1_2_5536C10101G71_5536C10101G71_1_Part_1_4_5536C10105G71_5536C10105G71_1,PROC_安装紧固件,安装紧固件,Part_1_2_5536C10101G71_5536C10101G71_1;Part_1_4_5536C10105G71_5536C10105G71_1,5536C10101G71 1号肋;5536C10105G71 1号肋,铆接工具,connect_and_both_require_fastener_install,155,BLOCKED_PRECEDENCE,前序制孔任务已被资源故障阻断，当前任务等待前驱完成。
Task_安装紧固件_Part_1_4_5536C10105G71_5536C10105G71_1_SubAssembly_1_28_5536C11004G41_5536C11004G41,安装紧固件_Part_1_4_5536C10105G71_5536C10105G71_1_SubAssembly_1_28_5536C11004G41_5536C11004G41,PROC_安装紧固件,安装紧固件,Part_1_4_5536C10105G71_5536C10105G71_1;SubAssembly_1_28_5536C11004G41_5536C11004G41,5536C10105G71 1号肋;5536C11004G41 右侧1号夹芯板,铆接工具,connect_and_both_require_fastener_install,156,BLOCKED_PRECEDENCE,前序制孔任务已被资源故障阻断，当前任务等待前驱完成。
Task_安装紧固件_Part_1_4_5536C10105G71_5536C10105G71_1_SubAssembly_1_26_5536C11002G41_5536C11002G41_1,安装紧固件_Part_1_4_5536C10105G71_5536C10105G71_1_SubAssembly_1_26_5536C11002G41_5536C11002G41_1,PROC_安装紧固件,安装紧固件,Part_1_4_5536C10105G71_5536C10105G71_1;SubAssembly_1_26_5536C11002G41_5536C11002G41_1,5536C10105G71 1号肋;5536C11002G41 右侧下封面板,铆接工具,connect_and_both_require_fastener_install,157,BLOCKED_PRECEDENCE,前序制孔任务已被资源故障阻断，当前任务等待前驱完成。
Task_安装紧固件_Part_1_2_5536C10101G71_5536C10101G71_1_Part_1_3_5536C10103G71_5536C10103G71_1,安装紧固件_Part_1_2_5536C10101G71_5536C10101G71_1_Part_1_3_5536C10103G71_5536C10103G71_1,PROC_安装紧固件,安装紧固件,Part_1_2_5536C10101G71_5536C10101G71_1;Part_1_3_5536C10103G71_5536C10103G71_1,5536C10101G71 1号肋;5536C10103G71 1号肋角材,铆接工具,connect_and_both_require_fastener_install,158,BLOCKED_PRECEDENCE,前序制孔任务已被资源故障阻断，当前任务等待前驱完成。
Task_安装紧固件_Part_1_2_5536C10101G71_5536C10101G71_1_SubAssembly_1_26_5536C11002G41_5536C11002G41_1,安装紧固件_Part_1_2_5536C10101G71_5536C10101G71_1_SubAssembly_1_26_5536C11002G41_5536C11002G41_1,PROC_安装紧固件,安装紧固件,Part_1_2_5536C10101G71_5536C10101G71_1;SubAssembly_1_26_5536C11002G41_5536C11002G41_1,5536C10101G71 1号肋;5536C11002G41 右侧下封面板,铆接工具,connect_and_both_require_fastener_install,159,BLOCKED_PRECEDENCE,前序制孔任务已被资源故障阻断，当前任务等待前驱完成。
Task_安装紧固件_Part_1_2_5536C10101G71_5536C10101G71_1_SubAssembly_1_25_5536C11001G41_5536C11001G41_1,安装紧固件_Part_1_2_5536C10101G71_5536C10101G71_1_SubAssembly_1_25_5536C11001G41_5536C11001G41_1,PROC_安装紧固件,安装紧固件,Part_1_2_5536C10101G71_5536C10101G71_1;SubAssembly_1_25_5536C11001G41_5536C11001G41_1,5536C10101G71 1号肋;5536C11001G41 左侧下封面板,铆接工具,connect_and_both_require_fastener_install,160,BLOCKED_PRECEDENCE,前序制孔任务已被资源故障阻断，当前任务等待前驱完成。
Task_安装紧固件_Part_1_2_5536C10101G71_5536C10101G71_1_SubAssembly_1_27_5536C11003G41_5536C11003G41,安装紧固件_Part_1_2_5536C10101G71_5536C10101G71_1_SubAssembly_1_27_5536C11003G41_5536C11003G41,PROC_安装紧固件,安装紧固件,Part_1_2_5536C10101G71_5536C10101G71_1;SubAssembly_1_27_5536C11003G41_5536C11003G41,5536C10101G71 1号肋;5536C11003G41 左侧1号夹芯板,铆接工具,connect_and_both_require_fastener_install,161,BLOCKED_PRECEDENCE,前序制孔任务已被资源故障阻断，当前任务等待前驱完成。
Task_安装紧固件_Part_1_35_5536C14002G71_5536C14002G70_1_SubAssembly_1_28_5536C11004G41_5536C11004G41,安装紧固件_Part_1_35_5536C14002G71_5536C14002G70_1_SubAssembly_1_28_5536C11004G41_5536C11004G41,PROC_安装紧固件,安装紧固件,Part_1_35_5536C14002G71_5536C14002G70_1;SubAssembly_1_28_5536C11004G41_5536C11004G41,5536C14002G71 1号连接带板;5536C11004G41 右侧1号夹芯板,铆接工具,connect_and_both_require_fastener_install,162,BLOCKED_PRECEDENCE,前序制孔任务已被资源故障阻断，当前任务等待前驱完成。
Task_安装紧固件_Part_1_34_5536C14001G71_5536C14001G70_1_SubAssembly_1_27_5536C11003G41_5536C11003G41,安装紧固件_Part_1_34_5536C14001G71_5536C14001G70_1_SubAssembly_1_27_5536C11003G41_5536C11003G41,PROC_安装紧固件,安装紧固件,Part_1_34_5536C14001G71_5536C14001G70_1;SubAssembly_1_27_5536C11003G41_5536C11003G41,5536C14001G71 1号连接带板;5536C11003G41 左侧1号夹芯板,铆接工具,connect_and_both_require_fastener_install,163,BLOCKED_PRECEDENCE,前序制孔任务已被资源故障阻断，当前任务等待前驱完成。
Task_安装紧固件_Part_1_36_5536C14003G71_5536C14003G70_1_SubAssembly_1_29_5536C11005G41_5536C11005G41,安装紧固件_Part_1_36_5536C14003G71_5536C14003G70_1_SubAssembly_1_29_5536C11005G41_5536C11005G41,PROC_安装紧固件,安装紧固件,Part_1_36_5536C14003G71_5536C14003G70_1;SubAssembly_1_29_5536C11005G41_5536C11005G41,5536C14003G71 2号连接带板;5536C11005G41 左侧2号夹芯板,铆接工具,connect_and_both_require_fastener_install,164,BLOCKED_PRECEDENCE,前序制孔任务已被资源故障阻断，当前任务等待前驱完成。
Task_安装紧固件_Part_1_37_5536C14004G71_5536C14004G70_1_SubAssembly_1_30_5536C11006G41_5536C11006G41,安装紧固件_Part_1_37_5536C14004G71_5536C14004G70_1_SubAssembly_1_30_5536C11006G41_5536C11006G41,PROC_安装紧固件,安装紧固件,Part_1_37_5536C14004G71_5536C14004G70_1;SubAssembly_1_30_5536C11006G41_5536C11006G41,5536C14004G71 2号连接带板;5536C11006G41 右侧2号夹芯板,铆接工具,connect_and_both_require_fastener_install,165,BLOCKED_PRECEDENCE,前序制孔任务已被资源故障阻断，当前任务等待前驱完成。
Task_安装紧固件_Part_1_5_5536C10203G71_5536C10203G71_1_Part_1_6_5536C10211G71_5536C10211G71_1,安装紧固件_Part_1_5_5536C10203G71_5536C10203G71_1_Part_1_6_5536C10211G71_5536C10211G71_1,PROC_安装紧固件,安装紧固件,Part_1_5_5536C10203G71_5536C10203G71_1;Part_1_6_5536C10211G71_5536C10211G71_1,5536C10203G71 2号肋角材;5536C10211G71 2号肋,铆接工具,connect_and_both_require_fastener_install,166,BLOCKED_PRECEDENCE,前序制孔任务已被资源故障阻断，当前任务等待前驱完成。
Task_安装紧固件_Part_1_6_5536C10211G71_5536C10211G71_1_Part_1_7_5536C10213G70_5536C10213G70_1,安装紧固件_Part_1_6_5536C10211G71_5536C10211G71_1_Part_1_7_5536C10213G70_5536C10213G70_1,PROC_安装紧固件,安装紧固件,Part_1_6_5536C10211G71_5536C10211G71_1;Part_1_7_5536C10213G70_5536C10213G70_1,5536C10211G71 2号肋;5536C10213G70 2号肋缘条,铆接工具,connect_and_both_require_fastener_install,167,BLOCKED_PRECEDENCE,前序制孔任务已被资源故障阻断，当前任务等待前驱完成。
Task_安装紧固件_Part_1_6_5536C10211G71_5536C10211G71_1_Part_1_8_5536C10214G70_5536C10214G70_1,安装紧固件_Part_1_6_5536C10211G71_5536C10211G71_1_Part_1_8_5536C10214G70_5536C10214G70_1,PROC_安装紧固件,安装紧固件,Part_1_6_5536C10211G71_5536C10211G71_1;Part_1_8_5536C10214G70_5536C10214G70_1,5536C10211G71 2号肋;5536C10214G70 2号肋缘条,铆接工具,connect_and_both_require_fastener_install,168,BLOCKED_PRECEDENCE,前序制孔任务已被资源故障阻断，当前任务等待前驱完成。
Task_安装紧固件_Part_1_6_5536C10211G71_5536C10211G71_1_SubAssembly_1_28_5536C11004G41_5536C11004G41,安装紧固件_Part_1_6_5536C10211G71_5536C10211G71_1_SubAssembly_1_28_5536C11004G41_5536C11004G41,PROC_安装紧固件,安装紧固件,Part_1_6_5536C10211G71_5536C10211G71_1;SubAssembly_1_28_5536C11004G41_5536C11004G41,5536C10211G71 2号肋;5536C11004G41 右侧1号夹芯板,铆接工具,connect_and_both_require_fastener_install,169,BLOCKED_PRECEDENCE,前序制孔任务已被资源故障阻断，当前任务等待前驱完成。
Task_安装紧固件_Part_1_6_5536C10211G71_5536C10211G71_1_SubAssembly_1_27_5536C11003G41_5536C11003G41,安装紧固件_Part_1_6_5536C10211G71_5536C10211G71_1_SubAssembly_1_27_5536C11003G41_5536C11003G41,PROC_安装紧固件,安装紧固件,Part_1_6_5536C10211G71_5536C10211G71_1;SubAssembly_1_27_5536C11003G41_5536C11003G41,5536C10211G71 2号肋;5536C11003G41 左侧1号夹芯板,铆接工具,connect_and_both_require_fastener_install,170,BLOCKED_PRECEDENCE,前序制孔任务已被资源故障阻断，当前任务等待前驱完成。
Task_安装紧固件_Part_1_7_5536C10213G70_5536C10213G70_1_SubAssembly_1_29_5536C11005G41_5536C11005G41,安装紧固件_Part_1_7_5536C10213G70_5536C10213G70_1_SubAssembly_1_29_5536C11005G41_5536C11005G41,PROC_安装紧固件,安装紧固件,Part_1_7_5536C10213G70_5536C10213G70_1;SubAssembly_1_29_5536C11005G41_5536C11005G41,5536C10213G70 2号肋缘条;5536C11005G41 左侧2号夹芯板,铆接工具,connect_and_both_require_fastener_install,171,BLOCKED_PRECEDENCE,前序制孔任务已被资源故障阻断，当前任务等待前驱完成。
Task_安装紧固件_Part_1_8_5536C10214G70_5536C10214G70_1_SubAssembly_1_30_5536C11006G41_5536C11006G41,安装紧固件_Part_1_8_5536C10214G70_5536C10214G70_1_SubAssembly_1_30_5536C11006G41_5536C11006G41,PROC_安装紧固件,安装紧固件,Part_1_8_5536C10214G70_5536C10214G70_1;SubAssembly_1_30_5536C11006G41_5536C11006G41,5536C10214G70 2号肋缘条;5536C11006G41 右侧2号夹芯板,铆接工具,connect_and_both_require_fastener_install,172,BLOCKED_PRECEDENCE,前序制孔任务已被资源故障阻断，当前任务等待前驱完成。
Task_安装紧固件_Part_1_10_5536C10311G72_5536C10311G72_1_Part_1_9_5536C10303G71_5536C10303G71_1,安装紧固件_Part_1_10_5536C10311G72_5536C10311G72_1_Part_1_9_5536C10303G71_5536C10303G71_1,PROC_安装紧固件,安装紧固件,Part_1_10_5536C10311G72_5536C10311G72_1;Part_1_9_5536C10303G71_5536C10303G71_1,5536C10311G72 3号肋;5536C10303G71 3号肋角材,铆接工具,connect_and_both_require_fastener_install,173,BLOCKED_PRECEDENCE,前序制孔任务已被资源故障阻断，当前任务等待前驱完成。
Task_安装紧固件_Part_1_10_5536C10311G72_5536C10311G72_1_Part_1_11_5536C10313G70_5536C10313G70_1,安装紧固件_Part_1_10_5536C10311G72_5536C10311G72_1_Part_1_11_5536C10313G70_5536C10313G70_1,PROC_安装紧固件,安装紧固件,Part_1_10_5536C10311G72_5536C10311G72_1;Part_1_11_5536C10313G70_5536C10313G70_1,5536C10311G72 3号肋;5536C10313G70 角片,铆接工具,connect_and_both_require_fastener_install,174,BLOCKED_PRECEDENCE,前序制孔任务已被资源故障阻断，当前任务等待前驱完成。
Task_安装紧固件_Part_1_10_5536C10311G72_5536C10311G72_1_Part_1_12_5536C10314G70_5536C10314G70_1,安装紧固件_Part_1_10_5536C10311G72_5536C10311G72_1_Part_1_12_5536C10314G70_5536C10314G70_1,PROC_安装紧固件,安装紧固件,Part_1_10_5536C10311G72_5536C10311G72_1;Part_1_12_5536C10314G70_5536C10314G70_1,5536C10311G72 3号肋;5536C10314G70 角片,铆接工具,connect_and_both_require_fastener_install,175,BLOCKED_PRECEDENCE,前序制孔任务已被资源故障阻断，当前任务等待前驱完成。
Task_安装紧固件_Part_1_10_5536C10311G72_5536C10311G72_1_SubAssembly_1_29_5536C11005G41_5536C11005G41,安装紧固件_Part_1_10_5536C10311G72_5536C10311G72_1_SubAssembly_1_29_5536C11005G41_5536C11005G41,PROC_安装紧固件,安装紧固件,Part_1_10_5536C10311G72_5536C10311G72_1;SubAssembly_1_29_5536C11005G41_5536C11005G41,5536C10311G72 3号肋;5536C11005G41 左侧2号夹芯板,铆接工具,connect_and_both_require_fastener_install,176,BLOCKED_PRECEDENCE,前序制孔任务已被资源故障阻断，当前任务等待前驱完成。
Task_安装紧固件_Part_1_10_5536C10311G72_5536C10311G72_1_SubAssembly_1_30_5536C11006G41_5536C11006G41,安装紧固件_Part_1_10_5536C10311G72_5536C10311G72_1_SubAssembly_1_30_5536C11006G41_5536C11006G41,PROC_安装紧固件,安装紧固件,Part_1_10_5536C10311G72_5536C10311G72_1;SubAssembly_1_30_5536C11006G41_5536C11006G41,5536C10311G72 3号肋;5536C11006G41 右侧2号夹芯板,铆接工具,connect_and_both_require_fastener_install,177,BLOCKED_PRECEDENCE,前序制孔任务已被资源故障阻断，当前任务等待前驱完成。
Task_安装紧固件_Part_1_39_5536C14006G71_5536C14006G71_1_SubAssembly_1_30_5536C11006G41_5536C11006G41,安装紧固件_Part_1_39_5536C14006G71_5536C14006G71_1_SubAssembly_1_30_5536C11006G41_5536C11006G41,PROC_安装紧固件,安装紧固件,Part_1_39_5536C14006G71_5536C14006G71_1;SubAssembly_1_30_5536C11006G41_5536C11006G41,5536C14006G71 3号连接带板;5536C11006G41 右侧2号夹芯板,铆接工具,connect_and_both_require_fastener_install,178,BLOCKED_PRECEDENCE,前序制孔任务已被资源故障阻断，当前任务等待前驱完成。
Task_安装紧固件_Part_1_38_5536C14005G71_5536C14005G71_1_SubAssembly_1_29_5536C11005G41_5536C11005G41,安装紧固件_Part_1_38_5536C14005G71_5536C14005G71_1_SubAssembly_1_29_5536C11005G41_5536C11005G41,PROC_安装紧固件,安装紧固件,Part_1_38_5536C14005G71_5536C14005G71_1;SubAssembly_1_29_5536C11005G41_5536C11005G41,5536C14005G71 3号连接带板;5536C11005G41 左侧2号夹芯板,铆接工具,connect_and_both_require_fastener_install,179,BLOCKED_PRECEDENCE,前序制孔任务已被资源故障阻断，当前任务等待前驱完成。
Task_安装紧固件_Part_1_13_5536C10403G71_5536C10403G71_1_Part_1_14_5536C10411G72_5536C10411G72_1,安装紧固件_Part_1_13_5536C10403G71_5536C10403G71_1_Part_1_14_5536C10411G72_5536C10411G72_1,PROC_安装紧固件,安装紧固件,Part_1_13_5536C10403G71_5536C10403G71_1;Part_1_14_5536C10411G72_5536C10411G72_1,5536C10403G71 4号肋角材;5536C10411G72 4号肋,铆接工具,connect_and_both_require_fastener_install,180,BLOCKED_PRECEDENCE,前序制孔任务已被资源故障阻断，当前任务等待前驱完成。
Task_安装紧固件_Part_1_14_5536C10411G72_5536C10411G72_1_Part_1_15_5536C10413G72_5536C10413G72_1,安装紧固件_Part_1_14_5536C10411G72_5536C10411G72_1_Part_1_15_5536C10413G72_5536C10413G72_1,PROC_安装紧固件,安装紧固件,Part_1_14_5536C10411G72_5536C10411G72_1;Part_1_15_5536C10413G72_5536C10413G72_1,5536C10411G72 4号肋;5536C10413G72 4号肋缘条,铆接工具,connect_and_both_require_fastener_install,181,BLOCKED_PRECEDENCE,前序制孔任务已被资源故障阻断，当前任务等待前驱完成。
Task_安装紧固件_Part_1_14_5536C10411G72_5536C10411G72_1_Part_1_16_5536C10414G72_5536C10414G72_1,安装紧固件_Part_1_14_5536C10411G72_5536C10411G72_1_Part_1_16_5536C10414G72_5536C10414G72_1,PROC_安装紧固件,安装紧固件,Part_1_14_5536C10411G72_5536C10411G72_1;Part_1_16_5536C10414G72_5536C10414G72_1,5536C10411G72 4号肋;5536C10414G72 4号肋缘条,铆接工具,connect_and_both_require_fastener_install,182,BLOCKED_PRECEDENCE,前序制孔任务已被资源故障阻断，当前任务等待前驱完成。
Task_安装紧固件_Part_1_14_5536C10411G72_5536C10411G72_1_SubAssembly_1_29_5536C11005G41_5536C11005G41,安装紧固件_Part_1_14_5536C10411G72_5536C10411G72_1_SubAssembly_1_29_5536C11005G41_5536C11005G41,PROC_安装紧固件,安装紧固件,Part_1_14_5536C10411G72_5536C10411G72_1;SubAssembly_1_29_5536C11005G41_5536C11005G41,5536C10411G72 4号肋;5536C11005G41 左侧2号夹芯板,铆接工具,connect_and_both_require_fastener_install,183,BLOCKED_PRECEDENCE,前序制孔任务已被资源故障阻断，当前任务等待前驱完成。
Task_安装紧固件_Part_1_14_5536C10411G72_5536C10411G72_1_SubAssembly_1_30_5536C11006G41_5536C11006G41,安装紧固件_Part_1_14_5536C10411G72_5536C10411G72_1_SubAssembly_1_30_5536C11006G41_5536C11006G41,PROC_安装紧固件,安装紧固件,Part_1_14_5536C10411G72_5536C10411G72_1;SubAssembly_1_30_5536C11006G41_5536C11006G41,5536C10411G72 4号肋;5536C11006G41 右侧2号夹芯板,铆接工具,connect_and_both_require_fastener_install,184,BLOCKED_PRECEDENCE,前序制孔任务已被资源故障阻断，当前任务等待前驱完成。
Task_安装紧固件_Part_1_15_5536C10413G72_5536C10413G72_1_SubAssembly_1_31_5536C11007G41_5536C11007G41,安装紧固件_Part_1_15_5536C10413G72_5536C10413G72_1_SubAssembly_1_31_5536C11007G41_5536C11007G41,PROC_安装紧固件,安装紧固件,Part_1_15_5536C10413G72_5536C10413G72_1;SubAssembly_1_31_5536C11007G41_5536C11007G41,5536C10413G72 4号肋缘条;5536C11007G41 左侧3号夹芯板,铆接工具,connect_and_both_require_fastener_install,185,BLOCKED_PRECEDENCE,前序制孔任务已被资源故障阻断，当前任务等待前驱完成。
Task_安装紧固件_Part_1_16_5536C10414G72_5536C10414G72_1_SubAssembly_1_32_5536C11008G41_5536C11008G41,安装紧固件_Part_1_16_5536C10414G72_5536C10414G72_1_SubAssembly_1_32_5536C11008G41_5536C11008G41,PROC_安装紧固件,安装紧固件,Part_1_16_5536C10414G72_5536C10414G72_1;SubAssembly_1_32_5536C11008G41_5536C11008G41,5536C10414G72 4号肋缘条;5536C11008G41 右侧3号夹芯板,铆接工具,connect_and_both_require_fastener_install,186,BLOCKED_PRECEDENCE,前序制孔任务已被资源故障阻断，当前任务等待前驱完成。
Task_安装紧固件_Part_1_40_5536C14007G71_5536C14007G71_1_SubAssembly_1_31_5536C11007G41_5536C11007G41,安装紧固件_Part_1_40_5536C14007G71_5536C14007G71_1_SubAssembly_1_31_5536C11007G41_5536C11007G41,PROC_安装紧固件,安装紧固件,Part_1_40_5536C14007G71_5536C14007G71_1;SubAssembly_1_31_5536C11007G41_5536C11007G41,5536C14007G71 4号连接带板;5536C11007G41 左侧3号夹芯板,铆接工具,connect_and_both_require_fastener_install,187,BLOCKED_PRECEDENCE,前序制孔任务已被资源故障阻断，当前任务等待前驱完成。
Task_安装紧固件_Part_1_41_5536C14008G71_5536C14008G71_1_SubAssembly_1_32_5536C11008G41_5536C11008G41,安装紧固件_Part_1_41_5536C14008G71_5536C14008G71_1_SubAssembly_1_32_5536C11008G41_5536C11008G41,PROC_安装紧固件,安装紧固件,Part_1_41_5536C14008G71_5536C14008G71_1;SubAssembly_1_32_5536C11008G41_5536C11008G41,5536C14008G71 4号连接带板;5536C11008G41 右侧3号夹芯板,铆接工具,connect_and_both_require_fastener_install,188,BLOCKED_PRECEDENCE,前序制孔任务已被资源故障阻断，当前任务等待前驱完成。
Task_安装紧固件_Part_1_17_5536C10503G71_5536C10503G70_1_Part_1_18_5536C10511G72_5536C10511G72_1,安装紧固件_Part_1_17_5536C10503G71_5536C10503G70_1_Part_1_18_5536C10511G72_5536C10511G72_1,PROC_安装紧固件,安装紧固件,Part_1_17_5536C10503G71_5536C10503G70_1;Part_1_18_5536C10511G72_5536C10511G72_1,5536C10503G71 5号肋角材;5536C10511G72 5号肋,铆接工具,connect_and_both_require_fastener_install,189,BLOCKED_PRECEDENCE,前序制孔任务已被资源故障阻断，当前任务等待前驱完成。
Task_安装紧固件_Part_1_18_5536C10511G72_5536C10511G72_1_Part_1_20_5536C10514G70_5536C10514G70_1,安装紧固件_Part_1_18_5536C10511G72_5536C10511G72_1_Part_1_20_5536C10514G70_5536C10514G70_1,PROC_安装紧固件,安装紧固件,Part_1_18_5536C10511G72_5536C10511G72_1;Part_1_20_5536C10514G70_5536C10514G70_1,5536C10511G72 5号肋;5536C10514G70 角片,铆接工具,connect_and_both_require_fastener_install,190,BLOCKED_PRECEDENCE,前序制孔任务已被资源故障阻断，当前任务等待前驱完成。
Task_安装紧固件_Part_1_18_5536C10511G72_5536C10511G72_1_Part_1_19_5536C10513G70_5536C10513G70_1,安装紧固件_Part_1_18_5536C10511G72_5536C10511G72_1_Part_1_19_5536C10513G70_5536C10513G70_1,PROC_安装紧固件,安装紧固件,Part_1_18_5536C10511G72_5536C10511G72_1;Part_1_19_5536C10513G70_5536C10513G70_1,5536C10511G72 5号肋;5536C10513G70 角片,铆接工具,connect_and_both_require_fastener_install,191,BLOCKED_PRECEDENCE,前序制孔任务已被资源故障阻断，当前任务等待前驱完成。
Task_安装紧固件_Part_1_18_5536C10511G72_5536C10511G72_1_SubAssembly_1_32_5536C11008G41_5536C11008G41,安装紧固件_Part_1_18_5536C10511G72_5536C10511G72_1_SubAssembly_1_32_5536C11008G41_5536C11008G41,PROC_安装紧固件,安装紧固件,Part_1_18_5536C10511G72_5536C10511G72_1;SubAssembly_1_32_5536C11008G41_5536C11008G41,5536C10511G72 5号肋;5536C11008G41 右侧3号夹芯板,铆接工具,connect_and_both_require_fastener_install,192,BLOCKED_PRECEDENCE,前序制孔任务已被资源故障阻断，当前任务等待前驱完成。
Task_安装紧固件_Part_1_18_5536C10511G72_5536C10511G72_1_SubAssembly_1_31_5536C11007G41_5536C11007G41,安装紧固件_Part_1_18_5536C10511G72_5536C10511G72_1_SubAssembly_1_31_5536C11007G41_5536C11007G41,PROC_安装紧固件,安装紧固件,Part_1_18_5536C10511G72_5536C10511G72_1;SubAssembly_1_31_5536C11007G41_5536C11007G41,5536C10511G72 5号肋;5536C11007G41 左侧3号夹芯板,铆接工具,connect_and_both_require_fastener_install,193,BLOCKED_PRECEDENCE,前序制孔任务已被资源故障阻断，当前任务等待前驱完成。
Task_安装紧固件_Part_1_42_5536C14009G71_5536C14009G72_1_SubAssembly_1_31_5536C11007G41_5536C11007G41,安装紧固件_Part_1_42_5536C14009G71_5536C14009G72_1_SubAssembly_1_31_5536C11007G41_5536C11007G41,PROC_安装紧固件,安装紧固件,Part_1_42_5536C14009G71_5536C14009G72_1;SubAssembly_1_31_5536C11007G41_5536C11007G41,5536C14009G71 5号连接带板;5536C11007G41 左侧3号夹芯板,铆接工具,connect_and_both_require_fastener_install,194,BLOCKED_PRECEDENCE,前序制孔任务已被资源故障阻断，当前任务等待前驱完成。
Task_安装紧固件_Part_1_43_5536C14010G71_5536C14010G72_1_SubAssembly_1_32_5536C11008G41_5536C11008G41,安装紧固件_Part_1_43_5536C14010G71_5536C14010G72_1_SubAssembly_1_32_5536C11008G41_5536C11008G41,PROC_安装紧固件,安装紧固件,Part_1_43_5536C14010G71_5536C14010G72_1;SubAssembly_1_32_5536C11008G41_5536C11008G41,5536C14010G71 5号连接带板;5536C11008G41 右侧3号夹芯板,铆接工具,connect_and_both_require_fastener_install,195,BLOCKED_PRECEDENCE,前序制孔任务已被资源故障阻断，当前任务等待前驱完成。
Task_安装紧固件_Part_1_21_5536C10603G71_5536C10603G71_1_Part_1_22_5536C10611G72_5536C10611G72_1,安装紧固件_Part_1_21_5536C10603G71_5536C10603G71_1_Part_1_22_5536C10611G72_5536C10611G72_1,PROC_安装紧固件,安装紧固件,Part_1_21_5536C10603G71_5536C10603G71_1;Part_1_22_5536C10611G72_5536C10611G72_1,5536C10603G71 6号肋角材;5536C10611G72 6号肋,铆接工具,connect_and_both_require_fastener_install,196,BLOCKED_PRECEDENCE,前序制孔任务已被资源故障阻断，当前任务等待前驱完成。
Task_安装紧固件_Part_1_22_5536C10611G72_5536C10611G72_1_Part_1_24_5536C10614G70_5536C10614G70_1,安装紧固件_Part_1_22_5536C10611G72_5536C10611G72_1_Part_1_24_5536C10614G70_5536C10614G70_1,PROC_安装紧固件,安装紧固件,Part_1_22_5536C10611G72_5536C10611G72_1;Part_1_24_5536C10614G70_5536C10614G70_1,5536C10611G72 6号肋;5536C10614G70 角片,铆接工具,connect_and_both_require_fastener_install,197,BLOCKED_PRECEDENCE,前序制孔任务已被资源故障阻断，当前任务等待前驱完成。
Task_安装紧固件_Part_1_22_5536C10611G72_5536C10611G72_1_Part_1_23_5536C10613G70_5536C10613G70_1,安装紧固件_Part_1_22_5536C10611G72_5536C10611G72_1_Part_1_23_5536C10613G70_5536C10613G70_1,PROC_安装紧固件,安装紧固件,Part_1_22_5536C10611G72_5536C10611G72_1;Part_1_23_5536C10613G70_5536C10613G70_1,5536C10611G72 6号肋;5536C10613G70 角片,铆接工具,connect_and_both_require_fastener_install,198,BLOCKED_PRECEDENCE,前序制孔任务已被资源故障阻断，当前任务等待前驱完成。
Task_安装紧固件_Part_1_22_5536C10611G72_5536C10611G72_1_SubAssembly_1_32_5536C11008G41_5536C11008G41,安装紧固件_Part_1_22_5536C10611G72_5536C10611G72_1_SubAssembly_1_32_5536C11008G41_5536C11008G41,PROC_安装紧固件,安装紧固件,Part_1_22_5536C10611G72_5536C10611G72_1;SubAssembly_1_32_5536C11008G41_5536C11008G41,5536C10611G72 6号肋;5536C11008G41 右侧3号夹芯板,铆接工具,connect_and_both_require_fastener_install,199,BLOCKED_PRECEDENCE,前序制孔任务已被资源故障阻断，当前任务等待前驱完成。
Task_安装紧固件_Part_1_22_5536C10611G72_5536C10611G72_1_SubAssembly_1_31_5536C11007G41_5536C11007G41,安装紧固件_Part_1_22_5536C10611G72_5536C10611G72_1_SubAssembly_1_31_5536C11007G41_5536C11007G41,PROC_安装紧固件,安装紧固件,Part_1_22_5536C10611G72_5536C10611G72_1;SubAssembly_1_31_5536C11007G41_5536C11007G41,5536C10611G72 6号肋;5536C11007G41 左侧3号夹芯板,铆接工具,connect_and_both_require_fastener_install,200,BLOCKED_PRECEDENCE,前序制孔任务已被资源故障阻断，当前任务等待前驱完成。
Task_安装紧固件_Part_1_44_5536C14011G71_5536C14011G71_1_SubAssembly_1_31_5536C11007G41_5536C11007G41,安装紧固件_Part_1_44_5536C14011G71_5536C14011G71_1_SubAssembly_1_31_5536C11007G41_5536C11007G41,PROC_安装紧固件,安装紧固件,Part_1_44_5536C14011G71_5536C14011G71_1;SubAssembly_1_31_5536C11007G41_5536C11007G41,5536C14011G71 6号连接带板;5536C11007G41 左侧3号夹芯板,铆接工具,connect_and_both_require_fastener_install,201,BLOCKED_PRECEDENCE,前序制孔任务已被资源故障阻断，当前任务等待前驱完成。
Task_安装紧固件_Part_1_45_5536C14012G71_5536C14012G71_1_SubAssembly_1_32_5536C11008G41_5536C11008G41,安装紧固件_Part_1_45_5536C14012G71_5536C14012G71_1_SubAssembly_1_32_5536C11008G41_5536C11008G41,PROC_安装紧固件,安装紧固件,Part_1_45_5536C14012G71_5536C14012G71_1;SubAssembly_1_32_5536C11008G41_5536C11008G41,5536C14012G71 6号连接带板;5536C11008G41 右侧3号夹芯板,铆接工具,connect_and_both_require_fastener_install,202,BLOCKED_PRECEDENCE,前序制孔任务已被资源故障阻断，当前任务等待前驱完成。
Task_吊装移站_Product_1_5536C10000G26_5536C10000G26,吊装移站_Product_1_5536C10000G26_5536C10000G26,PROC_吊装移站,吊装移站,Product_1_5536C10000G26_5536C10000G26,5536C10000G26,吊具,product_final_process,203,BLOCKED_PRECEDENCE,前序制孔任务已被资源故障阻断，当前任务等待前驱完成。
Task_下架_Product_1_5536C10000G26_5536C10000G26,下架_Product_1_5536C10000G26_5536C10000G26,PROC_下架,下架,Product_1_5536C10000G26_5536C10000G26,5536C10000G26,吊具,product_final_process,204,BLOCKED_PRECEDENCE,前序制孔任务已被资源故障阻断，当前任务等待前驱完成。
Task_补铆安装紧固件_Product_1_5536C10000G26_5536C10000G26,补铆安装紧固件_Product_1_5536C10000G26_5536C10000G26,PROC_补铆安装紧固件,补铆安装紧固件,Product_1_5536C10000G26_5536C10000G26,5536C10000G26,铆接工具;补铆托架,product_final_process,205,BLOCKED_PRECEDENCE,前序制孔任务已被资源故障阻断，当前任务等待前驱完成。
Task_安装部分支架_Product_1_5536C10000G26_5536C10000G26,安装部分支架_Product_1_5536C10000G26_5536C10000G26,PROC_安装部分支架,安装部分支架,Product_1_5536C10000G26_5536C10000G26,5536C10000G26,铆接工具,product_final_process,206,BLOCKED_PRECEDENCE,前序制孔任务已被资源故障阻断，当前任务等待前驱完成。
Task_涂胶密封_Product_1_5536C10000G26_5536C10000G26,涂胶密封_Product_1_5536C10000G26_5536C10000G26,PROC_涂胶密封,涂胶密封,Product_1_5536C10000G26_5536C10000G26,5536C10000G26,密封胶枪,product_final_process,207,BLOCKED_PRECEDENCE,前序制孔任务已被资源故障阻断，当前任务等待前驱完成。
Task_清洗排故_Product_1_5536C10000G26_5536C10000G26,清洗排故_Product_1_5536C10000G26_5536C10000G26,PROC_清洗排故,清洗排故,Product_1_5536C10000G26_5536C10000G26,5536C10000G26,清洗工具,product_final_process,208,BLOCKED_PRECEDENCE,前序制孔任务已被资源故障阻断，当前任务等待前驱完成。
